"Unternehmen";"Dokumentendatum";"Dokumententyp";"JA_von";"JA_bis";"Anzahl_MA";"Umsatzerlöse";"Bilanz_Aktiva";"Bilanz_Passiva";"GuV";"Dateiname"
"Autohaus Frank Voigt GmbH";"08.01.2020";"Jahresabschluss";"01.01.2018";"31.12.2018";"Im Jahresdurchschnitt beschÃ¤ftigte die Gesellschaft 23Â ( i. Vj. 20) Arbeitnehmer";"";"";"";"";"INSOLVENCY_Autohaus Voigt GmbH.csv_08.01.2020.html"
"Autohaus Voigt Hochkirch GmbH & Co KG";"10.07.2019";"Jahresabschluss";"01.01.2018";"31.12.2018";"Die durchschnittliche Zahl der wÃ¤hrend des GeschÃ¤ftsjahres im Unternehmen beschÃ¤ftigten Arbeitnehmer betrug 15.";"";"";"";"";"INSOLVENCY_Autohaus Voigt GmbH.csv_10.07.2019.html"
"Autohaus Voigt Magdeburg GmbH";"16.03.2020";"Jahresabschluss";"01.01.2018";"31.12.2018";"Arbeitnehmer";"";"";"";"";"INSOLVENCY_Autohaus Voigt GmbH.csv_16.03.2020.html"
"Autohaus Voigt GmbH";"18.03.2019";"Jahresabschluss";"01.03.2017";"28.02.2018";"";"";"";"";"";"INSOLVENCY_Autohaus Voigt GmbH.csv_18.03.2019.html"
"Autohaus Voigt GmbH";"23.08.2019";"Jahresabschluss";"01.01.2018";"31.12.2018";"Die durchschnittliche Zahl der wÃ¤hrend des GeschÃ¤ftsjahres im Unternehmen beschÃ¤ftigten Arbeitnehmer betrug 5.";"";"";"";"";"INSOLVENCY_Autohaus Voigt GmbH.csv_23.08.2019.html"
"VERBIO Vereinigte BioEnergie AG";"06.11.2019";"Nichtfinanzielle";"01.07.2018";"30.06.2019";"Mit dem Inkrafttreten des CSR-Richtlinie-Umsetzungsgesetzes (CSR-RUG) und den damit einhergehenden Berichterstattungspflichten ist die VERBIO Vereinigte BioEnergie AG verpflichtet, eine nichtfinanzielle ErklÃ¤rung gemÃ¤ÃŸ Â§Â§ 289 b, 315 b HGB abzugeben. In unserer nichtfinanziellen ErklÃ¤rung fÃ¼r das Berichtsjahr 2018/2019 sind alle hinreichenden Informationen der VERBIO Vereinigte BioEnergie AG und ihrer Tochtergesellschaften entsprechend dem CSR-Richtlinie-Umsetzungsgesetz (CSR-RUG) sowie nach Â§Â§ 289 b, 315 b HGB integriert. Eine Unterscheidung zwischen den wesentlichen Informationen und Kennzahlen unserer Tochtergesellschaften und denen der Konzerngesellschaft nehmen wir nicht vor. Unsere nichtfinanzielle ErklÃ¤rung enthÃ¤lt gemÃ¤ÃŸ CSR-Richtlinie-Umsetzungsgesetz alle wesentlichen Informationen zu Umwelt-, Arbeitnehmer- und Sozialbelangen. Weiterhin berichten wir Ã¼ber die Achtung der Menschenrechte sowie die BekÃ¤mpfung von Korruption und Bestechung. Den Index mit den jeweiligen Kapitelverweisen sowie den entsprechenden Informationen finden Sie im Anhang.";"";"";"";"";"INSOLVENCY_besser Personalmanagement GmbH.csv_06.11.2019.html"
"besser Personalmanagement GmbH i.I.";"17.12.2018";"Jahresabschluss";"01.06.2017";"31.05.2018";"";"";"";"";"";"INSOLVENCY_besser Personalmanagement GmbH.csv_17.12.2018.html"
"BÃ¤ckerei-Konditorei Rieser GmbH";"03.02.2020";"Jahresabschluss";"01.01.2018";"31.12.2018";"Wir beschÃ¤ftigten im Jahresdurchschnitt 59 Mitarbeiter.";"";"";"";"";"INSOLVENCY_Bäckerei-Konditorei Rieser GmbH.csv_03.02.2020.html"
"Coba Containerbau GmbH";"06.03.2020";"Jahresabschluss";"01.01.2018";"31.12.2018";"";"";"";"";"";"INSOLVENCY_Coba Containerbau GmbH.csv_06.03.2020.html"
"Wihnaleck ComNet GmbH";"03.06.2019";"Jahresabschluss";"01.01.2018";"31.12.2018";"Die durchschnittliche Zahl der wÃ¤hrend des GeschÃ¤ftsjahres im Unternehmen beschÃ¤ftigten Arbeitnehmer betrug 8.";"";"";"";"";"INSOLVENCY_comnet GmbH.csv_03.06.2019.html"
"SPIE COMNET GmbH";"05.02.2020";"Jahresabschluss";"01.01.2018";"31.12.2018";"Die Anzahl der beschÃ¤ftigten Mitarbeiter der SPIE COMNET GmbH belief sich zum Stichtag 31. Dezember 2018 auf 216 (Vorjahr: 201 Mitarbeiter).";"";"";"";"";"INSOLVENCY_comnet GmbH.csv_05.02.2020.html"
"COMNET Gesellschaft fÃ¼r Kommunikation und Netzwerke mbH";"06.02.2019";"Jahresabschluss";"01.04.2017";"31.03.2018";"Die durchschnittliche Zahl der wÃ¤hrend des GeschÃ¤ftsjahres im Unternehmen beschÃ¤ftigten Arbeitnehmer betrug 49.";"";"";"";"";"INSOLVENCY_comnet GmbH.csv_06.02.2019.html"
"ComNet Computer im Netzwerk Vertriebs-GmbH";"08.02.2019";"Jahresabschluss";"01.04.2017";"31.03.2018";"";"";"";"";"";"INSOLVENCY_comnet GmbH.csv_08.02.2019.html"
"Comnet Carrier Services GmbH.";"10.05.2019";"Jahresabschluss";"01.01.2018";"31.12.2018";"";"";"";"";"";"INSOLVENCY_comnet GmbH.csv_10.05.2019.html"
"COMNET Gesellschaft fÃ¼r Kommunikation und Netzwerke mbH";"12.12.2019";"Jahresabschluss";"01.04.2018";"31.03.2019";"Die durchschnittliche Zahl der wÃ¤hrend des GeschÃ¤ftsjahres im Unternehmen beschÃ¤ftigten Arbeitnehmer betrug 60,00.";"";"";"";"";"INSOLVENCY_comnet GmbH.csv_12.12.2019.html"
"Comnet Carrier Services GmbH.";"13.05.2020";"Jahresabschluss";"01.01.2019";"31.12.2019";"";"";"";"";"";"INSOLVENCY_comnet GmbH.csv_13.05.2020.html"
"ComNet Computer im Netzwerk Vertriebs-GmbH";"20.05.2019";"Jahresabschluss";"01.04.2018";"31.03.2019";"";"";"";"";"";"INSOLVENCY_comnet GmbH.csv_20.05.2019.html"
"COMNET Naval Communication GmbH";"28.11.2019";"Jahresabschluss";"01.01.2018";"31.12.2018";"";"";"";"";"";"INSOLVENCY_comnet GmbH.csv_28.11.2019.html"
"Michael Fels Verwaltungs-GmbH";"06.01.2020";"Jahresabschluss";"01.01.2018";"31.12.2018";"";"";"";"";"";"INSOLVENCY_FELE Verwaltungs-GmbH.csv_06.01.2020.html"
"Grzimek Gesellschaft fÃ¼r Immobilien-Consulting mbH (GGC)";"12.02.2020";"Jahresabschluss";"01.01.2018";"31.12.2018";"";"";"";"";"";"INSOLVENCY_GGC Consulting GmbH.csv_12.02.2020.html"
"GGC Gesellschaft fÃ¼r Geo- und Umwelttechnik Consulting mbH";"23.12.2019";"Jahresabschluss";"01.01.2018";"31.12.2018";"";"";"";"";"";"INSOLVENCY_GGC Consulting GmbH.csv_23.12.2019.html"
"hdm Fashion Immobilien GmbH & Co. KG";"18.03.2020";"Jahresabschluss";"01.01.2018";"31.12.2018";"";"";"";"";"";"INSOLVENCY_HDM Immobilien GmbH.csv_18.03.2020.html"
"Ivman International UG (haftungsbeschrÃ¤nkt) & Co. KG";"15.01.2020";"Jahresabschluss";"01.01.2018";"10.12.2018";"Die durchschnittliche Zahl der wÃ¤hrend des GeschÃ¤ftsjahres im Unternehmen beschÃ¤ftigten Arbeitnehmer betrug 36.";"";"";"";"";"INSOLVENCY_Ivman International UG haftungsbeschränkt  Co. KG.csv_15.01.2020.html"
"Flex Jugendhilfe Verwaltungs GmbH";"04.03.2020";"Jahresabschluss";"01.01.2018";"31.12.2018";"";"";"";"";"";"INSOLVENCY_Jugendhilfe-Verwaltungs GmbH.csv_04.03.2020.html"
"Ponter Kinder- und Jugendhilfe GmbH (vormals: Kleinen Grundbesitz Verwaltungs-GmbH)";"18.12.2019";"Jahresabschluss";"01.01.2018";"31.12.2018";"Duchschnittliche Zahl der wÃ¤hrend des GeschÃ¤ftsjahres beschÃ¤ftigten Arbeitnehmer";"";"";"";"";"INSOLVENCY_Jugendhilfe-Verwaltungs GmbH.csv_18.12.2019.html"
"JUNIOR BRANDS GROUP GmbH";"28.05.2019";"Jahresabschluss";"01.05.2017";"30.04.2018";"Die durchschnittliche Zahl der wÃ¤hrend des GeschÃ¤ftsjahres beschÃ¤ftigten Arbeitnehmer betrÃ¤gt 0.";"";"";"";"";"INSOLVENCY_JUNIOR BRANDS GROUP GmbH.csv_28.05.2019.html"
"K + J Automotive Industrielackierungen GmbH";"02.04.2020";"Jahresabschluss";"01.01.2018";"31.12.2018";"Im GeschÃ¤ftsjahr 2018 beschÃ¤ftigte die Gesellschaft im Durchschnitt 12 Mitarbeiter.";"";"";"";"";"INSOLVENCY_KJ Automotive GmbH.csv_02.04.2020.html"
"next2com GmbH";"26.09.2019";"Jahresabschluss";"01.01.2018";"31.12.2018";"Â Allgemeine Angaben zum JahresabschlussDer Jahresabschluss wurde nach den Vorschriften der Â§Â§ 242 ff. HGB unter der Beachtung der ergÃ¤nzenden Bestimmungen fÃ¼r kleine Kapitalgesellschaften aufgestellt.Angaben zur Identifikation der Gesellschaft laut RegistergerichtFirmenname laut Registergericht: next2com GmbHFirmensitz laut Registergericht: StuttgartRegistereintrag: HandelsregisterRegistergericht: StuttgartRegister-Nr.: 728276Angaben zu Bilanzierungs- und BewertungsmethodenBilanzierungs- und BewertungsgrundsÃ¤tzeErworbene immaterielle Anlagewerte wurden zu Anschaffungskosten angesetzt und, sofern sie der Abnutzung unterlagen, um planmÃ¤ÃŸige Abschreibungen vermindert.Das SachanlagevermÃ¶gen wurde zu Anschaffungskosten angesetzt und, soweit abnutzbar, um planmÃ¤ÃŸige Abschreibungen vermindert.Forderungen wurden unter BerÃ¼cksichtigung aller erkennbaren Risiken bewertet.Die SteuerrÃ¼ckstellungen beinhalten die das GeschÃ¤ftsjahr betreffenden, noch nicht veranlagten Steuern.Die sonstigen RÃ¼ckstellungen wurden fÃ¼r alle weiteren ungewissen Verbindlichkeiten gebildet. Dabei wurden alle erkennbaren Risiken berÃ¼cksichtigt.Verbindlichkeiten wurden zum ErfÃ¼llungsbetrag angesetzt.GegenÃ¼ber dem Vorjahr abweichende Bilanzierungs- und BewertungsmethodenBeim Jahresabschluss konnten die bisher angewandten Bilanzierungs- und Bewertungsmethoden im Wesentlichen Ã¼bernommen werden.Ein grundlegender Wechsel von Bilanzierungs- und Bewertungsmethoden gegenÃ¼ber dem Vorjahr fand nicht statt.Angaben zur BilanzAbschreibung auf GeschÃ¤fts- oder FirmenwertDer entgeltlich erworbene GeschÃ¤fts- oder Firmenwert wurde aktiviert. Als betriebsgewÃ¶hnliche Nutzungsdauer werden 15 Jahre festgelegt. Angabe zu Forderungen mit einer Restlaufzeit grÃ¶ÃŸer einem JahrDer Betrag der Forderungen mit einer Restlaufzeit grÃ¶ÃŸer einem Jahr betrÃ¤gt EUR 0,00 (Vorjahr: EUR 0,00).Gewinn-/Verlustvortrag bei teilweiser ErgebnisverwendungBei Aufstellung der Bilanz unter BerÃ¼cksichtigung der teilweisen Ergebnisverwendung wurde im Bilanzgewinn ein Gewinnvortrag von EUR 501.714,63 einbezogen.Betrag der Verbindlichkeiten mit einer Restlaufzeit > 5 Jahre und der Sicherungsrechte Der Gesamtbetrag der bilanzierten Verbindlichkeiten mit einer Restlaufzeit von mehr als 5 Jahren betrÃ¤gt EUR 0,00 (Vorjahr: EUR 0,00).Der Gesamtbetrag der bilanzierten Verbindlichkeiten, die durch Pfandrechte oder Ã¤hnliche Rechte gesichert sind, betrÃ¤gt EUR 0,00.Angabe zu RestlaufzeitvermerkenDer Betrag der Verbindlichkeiten mit einer Restlaufzeit bis zu einem Jahr betrÃ¤gt EUR 105.458,82 (Vorjahr: EUR 87.929,87).Der Betrag der Verbindlichkeiten mit einer Restlaufzeit grÃ¶ÃŸer einem Jahr betrÃ¤gt EUR 0,00 (Vorjahr: EUR 0,00).Sonstige AngabenDurchschnittliche Zahl der wÃ¤hrend des GeschÃ¤ftsjahrs beschÃ¤ftigten ArbeitnehmerDie durchschnittliche Zahl der wÃ¤hrend des GeschÃ¤ftsjahres im Unternehmen beschÃ¤ftigten Arbeitnehmer betrug 30,0.";"";"";"";"";"INSOLVENCY_next2com GmbH.csv_26.09.2019.html"
"PDM Formenbau GmbH";"27.12.2019";"Jahresabschluss";"01.01.2018";"31.12.2018";"Die durchschnittliche Zahl der wÃ¤hrend des GeschÃ¤ftsjahres im Unternehmen beschÃ¤ftigten Arbeitnehmer betrug 33.";"";"";"";"";"INSOLVENCY_PDM Formenbau GmbH.csv_27.12.2019.html"
"Pneureo GmbH & Co. KG";"26.02.2020";"Jahresabschluss";"01.01.2018";"31.12.2018";"";"";"";"";"";"INSOLVENCY_Pneureo GmbH  Co. KG.csv_26.02.2020.html"
"Transporte-Logistik Suleyman Sahin GmbH";"02.03.2020";"Jahresabschluss";"01.01.2018";"31.12.2018";"Arbeitnehmer";"";"";"";"";"INSOLVENCY_SAHIN LOGISTIK GmbH.csv_02.03.2020.html"
"Laden- und Innenausbau Lorenz Schneider GmbH & Co. KG";"06.01.2020";"Jahresabschluss";"01.04.2018";"31.03.2019";"Im GeschÃ¤ftsjahr wurden gem. Â§ 267 (5) HGB durchschnittlich 18 Arbeitnehmer beschÃ¤ftigt.";"";"";"";"";"INSOLVENCY_Schneider Innenausbau GmbH.csv_06.01.2020.html"
"Laden- und Innenausbau Lorenz Schneider GmbH & Co. KG";"08.01.2019";"Jahresabschluss";"01.04.2017";"31.03.2018";"Die durchschnittliche Zahl der wÃ¤hrend des GeschÃ¤ftsjahres beschÃ¤ftigten Arbeitnehmer betrug 30.";"";"";"";"";"INSOLVENCY_Schneider Innenausbau GmbH.csv_08.01.2019.html"
"Schneider & Bening Zimmerei und Innenausbau GmbH";"13.02.2020";"Jahresabschluss";"01.01.2018";"31.12.2018";"Die durchschnittliche Zahl der wÃ¤hrend des GeschÃ¤ftsjahres im Unternehmen beschÃ¤ftigten Arbeitnehmer betrug 36.";"";"";"";"";"INSOLVENCY_Schneider Innenausbau GmbH.csv_13.02.2020.html"
"SMW Spezialmaschinen und Werkzeugbau GmbH & Co. KG";"09.03.2020";"Jahresabschluss";"01.01.2018";"31.12.2018";"Der Personalbestand wurde um sechs Mitarbeiter auf 167 Mitarbeiter erhÃ¶ht. Im Bereich der Leiharbeit konnten wir durch interne Rekrutierung und Ausbildung eigene Mitarbeiter gewinnen und damit kostenintensive Leiharbeit reduzieren. Der Personalaufwand pro Mitarbeiter war in 2018 aufgrund der allgemeinen Anpassung des Lohnniveaus steigend. StÃ¤ndig arbeiten wir an der Weiterentwicklung unserer FachkrÃ¤fte, um unsere QualitÃ¤tsansprÃ¼che zu sichern und unseren Facharbeiterstamm weiter auszubauen.";"";"";"";"";"INSOLVENCY_SMW Spezialmaschinen und Werkzeugbau GmbH  Co. KG.csv_09.03.2020.html"
"Spielwaren Kurtz GmbH";"03.06.2019";"Jahresabschluss";"01.05.2017";"30.04.2018";"Im GeschÃ¤ftsjahr 2017/2018 wurden durchschnittlich 116 (i. Vj. 112) Mitarbeiter beschÃ¤ftigt.";"";"";"";"";"INSOLVENCY_Spielwaren Kurtz GmbH.csv_03.06.2019.html"
"Plecher und Herden TAB Service GmbH (vormals: TAB Thermo-Anlagenbau Service GmbH)";"16.01.2020";"Jahresabschluss";"01.01.2018";"31.12.2018";"Im GeschÃ¤ftsjahr waren durchschnittlich fÃ¼nf (i. Vj. fÃ¼nf) Arbeitnehmer sowie ein (i. Vj. ein) GeschÃ¤ftsfÃ¼hrer beschÃ¤ftigt.";"";"";"";"";"INSOLVENCY_TAB Anlagenbau GmbH.csv_16.01.2020.html"
"Wohlleben WÃ¤scherei und Reinigungs GmbH";"11.05.2020";"Jahresabschluss";"01.01.2019";"31.12.2019";"Die durchschnittliche Zahl der wÃ¤hrend des GeschÃ¤ftsjahres im Unternehmen beschÃ¤ftigten Arbeitnehmer betrug 40.";"";"";"";"";"INSOLVENCY_Wohlleben Wäscherei und Reinigungs GmbH.csv_11.05.2020.html"
"Wohlleben WÃ¤scherei und Reinigungs GmbH";"31.01.2020";"Jahresabschluss";"01.01.2018";"31.12.2018";"Die durchschnittliche Zahl der wÃ¤hrend des GeschÃ¤ftsjahres im Unternehmen beschÃ¤ftigten Arbeitnehmer betrug 55.";"";"";"";"";"INSOLVENCY_Wohlleben Wäscherei und Reinigungs GmbH.csv_31.01.2020.html"
"711media websolutions GmbH";"04.12.2019";"Jahresabschluss";"01.01.2018";"31.12.2018";"Die durchschnittliche Zahl der wÃ¤hrend des GeschÃ¤ftsjahres im Unternehmen beschÃ¤ftigten Arbeitnehmer betrug 18,00.";"";"";"";"";"KUNUNU_711media websolutions GmbH.csv_04.12.2019.html"
"aiXtrusion GmbH";"27.08.2019";"Jahresabschluss";"01.01.2018";"31.12.2018";"";"";"";"";"";"KUNUNU_aiXtrusion GmbH.csv_27.08.2019.html"
"AKTIF Technology GmbH Software-Entwicklung";"27.08.2019";"Jahresabschluss";"01.01.2018";"31.12.2018";"WÃ¤hrend des GeschÃ¤ftsjahres wurden durchschnittlich 30 Arbeitnehmer beschÃ¤ftigt.";"";"";"";"";"KUNUNU_AKTIF Technology GmbH Software-Entwicklung.csv_27.08.2019.html"
"Albacon Systemhaus GmbH";"27.12.2019";"Jahresabschluss";"01.01.2018";"31.12.2018";"Die durchschnittliche Zahl der wÃ¤hrend des GeschÃ¤ftsjahres im Unternehmen beschÃ¤ftigten Arbeitnehmer betrug 5.";"";"";"";"";"KUNUNU_Albacon Systemhaus GmbH.csv_27.12.2019.html"
"AMPADA GmbH";"06.01.2020";"Jahresabschluss";"01.01.2018";"31.12.2018";"";"";"";"";"";"KUNUNU_AMPADA GmbH.csv_06.01.2020.html"
"Apollon Immobilien GmbH & Co. KG";"13.03.2020";"Jahresabschluss";"01.01.2018";"31.12.2018";"";"";"";"";"";"KUNUNU_apollon GmbHCo. KG.csv_13.03.2020.html"
"MS ""APOLLON"" Schiffahrtsgesellschaft mbH & Co. KG";"19.03.2020";"Jahresabschluss";"01.01.2018";"31.12.2018";"";"";"";"";"";"KUNUNU_apollon GmbHCo. KG.csv_19.03.2020.html"
"apollon GmbH+Co. KG";"26.08.2019";"Jahresabschluss";"01.01.2018";"31.12.2018";"Die Gesellschaft beschÃ¤ftigte im GeschÃ¤ftsjahr durchschnittlich 72 Mitarbeiter.";"";"";"";"";"KUNUNU_apollon GmbHCo. KG.csv_26.08.2019.html"
"ARETO Consulting GmbH";"21.02.2020";"Jahresabschluss";"01.01.2018";"31.12.2018";"Die durchschnittliche Zahl der wÃ¤hrend des GeschÃ¤ftsjahres im Unternehmen beschÃ¤ftigten Arbeitnehmer betrug 71.";"";"";"";"";"KUNUNU_areto consulting gmbh.csv_21.02.2020.html"
"ARM Advanced Resource Management GmbH";"23.03.2020";"Jahresabschluss";"01.01.2018";"31.12.2018";"Die durchschnittliche Zahl der Arbeitnehmer nach Â§ 267 Abs. 5 HGB im Jahr 2018 betrug 7 (Vorjahr: 33).";"";"";"";"";"KUNUNU_ARM Advanced Resource Management GmbH.csv_23.03.2020.html"
"artBase! Software GmbH";"08.01.2020";"Jahresabschluss";"01.01.2018";"31.12.2018";"";"";"";"";"<table border=""0"" cellpadding=""2"" cellspacing=""0"" class=""std_table"" width=""900"">
<col/>
<col/>
<tbody>
<tr>
<td style=""text-align:left;"">
<b>Verrechnung von VermÃ¶gensgegenstÃ¤nden und Schulden</b>
<br/>
</td>
<td style=""text-align:right;"">
<b>EUR</b>
<br/>
</td>
</tr>
<tr bgcolor=""#f0f0f0"">
<td style=""text-align:left;"">    ErfÃ¼llungsbetrag der Schulden<br/></td>
<td style=""text-align:right;"">    511.869,00<br/></td>
</tr>
<tr>
<td style=""text-align:left;"">    Zeitwert der verrechneten VermÃ¶genswerte<br/></td>
<td style=""text-align:right;"">    462.213,50<br/></td>
</tr>
<tr bgcolor=""#f0f0f0"">
<td style=""text-align:left;"">    verrechnete Aufwendungen<br/></td>
<td style=""text-align:right;"">    91.482,00<br/></td>
</tr>
<tr>
<td style=""text-align:left;"">    verrechnete ErtrÃ¤ge<br/></td>
<td style=""text-align:right;"">    0,00<br/></td>
</tr>
</tbody>
</table>";"KUNUNU_artBase Software GmbH.csv_08.01.2020.html"
"b4dynamics GmbH";"02.03.2020";"Jahresabschluss";"01.01.2018";"31.12.2018";"";"";"";"";"";"KUNUNU_b4dynamics GmbH.csv_02.03.2020.html"
"Baremos IT Dienstleistungs GmbH";"05.05.2020";"Jahresabschluss";"01.01.2018";"31.12.2018";"";"";"";"";"";"KUNUNU_Baremos IT Dienstleistungs GmbH.csv_05.05.2020.html"
"Baremos IT Dienstleistungs GmbH";"09.01.2020";"Jahresabschluss";"01.01.2018";"31.12.2018";"";"";"";"";"";"KUNUNU_Baremos IT Dienstleistungs GmbH.csv_09.01.2020.html"
"BDS Systemberatung fÃ¼r Organisation & Methodik GmbH";"07.04.2020";"Jahresabschluss";"01.01.2018";"31.12.2018";"";"";"";"";"";"KUNUNU_BDS Systemberatung für Organisation  Methodik GmbH.csv_07.04.2020.html"
"BigRep GmbH";"11.03.2020";"Jahresabschluss";"01.01.2018";"31.12.2018";"Ein Team von knapp Ã¼ber 100 kompetenten Mitarbeitern in Deutschland, den USA und Singapur bringt die Projekte dank breit gefÃ¤cherter Fachkenntnis, langer Erfahrung und ausgezeichnetem Know-how erfolgreich und zÃ¼gig voran. Forschung und Entwicklung ziehen gemeinsam mit Projektingenieuren an einem Strang und realisieren so ganzheitliche LÃ¶sungen aus einer Hand â€“ von der Akquisition bis zur DruckerÃ¼bergabe. Dabei werden Risiken, Auswirkungen und MÃ¶glichkeiten jederzeit bedacht und ein HÃ¶chstmaÃŸ an ProfessionalitÃ¤t angestrebt.";"";"";"";"";"KUNUNU_BigRep GmbH.csv_11.03.2020.html"
"BKtel networks GmbH";"22.01.2020";"Jahresabschluss";"01.01.2018";"31.12.2018";"Unter den sonstigen RÃ¼ckstellungen sind Verpflichtungen aus GewÃ¤hrleistungen, rÃ¼ckstÃ¤ndigem Urlaub, PrÃ¤mien fÃ¼r Mitarbeiter, Tantiemen, ausstehende Rechnungen und Jahresabschlusskosten erfasst.";"";"";"";"";"KUNUNU_BKtel networks GmbH.csv_22.01.2020.html"
"Blubbsoft GmbH";"03.07.2019";"Jahresabschluss";"01.10.2017";"30.09.2018";"Die durchschnittliche Zahl der wÃ¤hrend des GeschÃ¤ftsjahres im Unternehmen beschÃ¤ftigten Arbeitnehmer betrug 13,5.";"";"";"";"";"KUNUNU_Blubbsoft GmbH.csv_03.07.2019.html"
"BrÃ¼ll & Partner Computer Network Services GmbH";"18.03.2019";"Jahresabschluss";"01.07.2017";"30.06.2018";"Sie beschÃ¤ftigt durchschnittlich 18,75 Arbeitnehmer i.S. d. Â§Â 285 Nr. 7 HGB.";"";"";"";"";"KUNUNU_Brüll  Partner Computer Network Services GmbH.csv_18.03.2019.html"
"BrÃ¼ll & Partner Computer Network Services GmbH";"22.04.2020";"Jahresabschluss";"01.07.2018";"30.06.2019";"Sie beschÃ¤ftigt durchschnittlich 18,75 Arbeitnehmer i.S. d. Â§Â 285 Nr. 7 HGB.";"";"";"";"";"KUNUNU_Brüll  Partner Computer Network Services GmbH.csv_22.04.2020.html"
"CareerFoundry GmbH";"14.02.2020";"Jahresabschluss";"01.01.2018";"31.12.2018";"2.5 HaftungsverhÃ¤ltnisse und sonstige finanzielle Verpflichtungen HaftungsverhÃ¤ltnisse und sonstige finanzielle Verpflichtungen, die fÃ¼r die Beurteilung der Finanzlage von Bedeutung sind, bestehen nicht.Â Â 3. Sonstige Angaben3.1 Zusammensetzung der OrganeGeschÃ¤ftsfÃ¼hrer war im Berichtsjahr Herr Martin Ramsin.Frau Raffaela Rein hat mit Wirkung vom 31. Oktoner 2018 Ihr Amt als GeschÃ¤ftsfÃ¼hrerin der Gesellschaft niedergelegt.3.2 Anzahl der MitarbeiterÂ Â Â Â Â Â Â Â Â Â Die Gesellschaft hatte im Jahr 2018 durchschnittlich 32 BeschÃ¤ftigte (Vorjahr 32). 3.3 VorgÃ¤nge nach Schluss des GeschÃ¤ftsjahresVorgÃ¤nge von besonderer Bedeutung nach Schluss des GeschÃ¤ftsjahres haben sich nicht ergeben.Berlin, 21. Januar 2020Â GeschÃ¤ftsfÃ¼hrungMartin RamsinÂ Â";"";"";"";"";"KUNUNU_CareerFoundry GmbH.csv_14.02.2020.html"
"CE - Corporate Education GmbH";"18.12.2019";"Jahresabschluss";"01.01.2018";"31.12.2018";"";"";"";"";"";"KUNUNU_CE - corporate education GmbH.csv_18.12.2019.html"
"CIBEK technology + trading GmbH";"29.01.2020";"Jahresabschluss";"01.01.2018";"31.12.2018";"Die durchschnittliche Zahl der wÃ¤hrend des GeschÃ¤ftsjahres im Unternehmen beschÃ¤ftigten Arbeitnehmer betrug 19.";"";"";"";"<table border=""0"" cellpadding=""2"" cellspacing=""0"" class=""std_table"" width=""900"">
<col/>
<col/>
<tbody>
<tr>
<td style=""text-align:left;"">    Ort, Datum<br/></td>
<td style=""text-align:left;"">    Unterschrift<br/></td>
</tr>
</tbody>
</table>";"KUNUNU_CIBEK.csv_29.01.2020.html"
"clickworker GmbH";"24.01.2020";"Jahresabschluss";"01.01.2018";"31.12.2018";"c) Arbeitnehmer";"";"";"";"";"KUNUNU_clickworker GmbH.csv_24.01.2020.html"
"CNT AG";"04.02.2020";"Jahresabschluss";"01.01.2018";"31.12.2018";"Die durchschnittliche Zahl der wÃ¤hrend des GeschÃ¤ftsjahres im Unternehmen beschÃ¤ftigten Arbeitnehmer betrug 28.";"";"";"";"";"KUNUNU_CNT AG.csv_04.02.2020.html"
"CNT AG";"24.01.2019";"Jahresabschluss";"01.01.2017";"31.12.2017";"Die durchschnittliche Zahl der wÃ¤hrend des GeschÃ¤ftsjahres im Unternehmen beschÃ¤ftigten Arbeitnehmer betrug 24.";"";"";"";"";"KUNUNU_CNT AG.csv_24.01.2019.html"
"cognesys gmbh";"19.11.2018";"Jahresabschluss";"01.01.2017";"31.12.2017";"WÃ¤hrend des Zeitraums vom 01.01. bis zum 31.12.2017 waren durchschnittlich 17 Arbeitnehmer beschÃ¤ftigt.";"";"";"";"";"KUNUNU_cognesys gmbh.csv_19.11.2018.html"
"cognesys gmbh";"21.01.2020";"Jahresabschluss";"01.01.2018";"31.12.2018";"WÃ¤hrend des Zeitraums vom 01.01. bis zum 31.12.2018 waren durchschnittlich 24 Arbeitnehmer beschÃ¤ftigt.";"";"";"";"";"KUNUNU_cognesys gmbh.csv_21.01.2020.html"
"COMfuture Computer- und Kommunikationssysteme Gesellschaft mit beschrÃ¤nkter Haftung";"07.02.2020";"Jahresabschluss";"01.01.2018";"31.12.2018";"";"";"";"";"";"KUNUNU_COMfuture GmbH.csv_07.02.2020.html"
"Computer Rock GmbH";"07.01.2020";"Jahresabschluss";"01.01.2018";"31.12.2018";"Die Gesellschaft beschÃ¤ftigte im GeschÃ¤ftsjahr im Durchschnitt einundzwanzig Mitarbeiter.";"";"";"";"";"KUNUNU_Computer Rock GmbH Hamburg.csv_07.01.2020.html"
"con terra - Gesellschaft fÃ¼r Angewandte Informationstechnologie mbH";"05.02.2019";"Jahresabschluss";"01.07.2017";"30.06.2018";"Der Personalaufwand stieg im Vorjahresvergleich um 8,7 % auf insgesamt TEUR 8.908. Diese Entwicklung ist in erster Linie auf den Personalaufbau zurÃ¼ckzufÃ¼hren. Nach 136 Mitarbeitern (inkl. GeschÃ¤ftsfÃ¼hrung) im Vorjahr beschÃ¤ftigte die Gesellschaft im Berichtsjahr durchschnittlich 148 Mitarbeiter. Die Personalaufwandsquote, gemessen an der Gesamtleistung, ist damit gegenÃ¼ber dem Vorjahr leicht gesunken und lag bei 54,1 %.";"";"";"";"";"KUNUNU_con terra GmbH.csv_05.02.2019.html"
"con terra Beteiligungsgesellschaft mbH";"06.03.2020";"Jahresabschluss";"04.07.2018";"30.06.2019";"1. Arbeitnehmerzahl";"";"";"";"";"KUNUNU_con terra GmbH.csv_06.03.2020.html"
"TerraCon GmbH";"13.05.2019";"Jahresabschluss";"01.01.2018";"31.12.2018";"19 In den Sonstigen Verbindlichkeiten sind 107.129 â‚¬ fÃ¼r Steuern und 1.742 â‚¬ fÃ¼r soziale Sicherheit enthalten. Alle BetrÃ¤ge sind im Folgejahr bezahlt worden sind.4.Sonstige AngabenÂ 20 WÃ¤hrend des GeschÃ¤ftsjahres wurden im Unternehmen durchschnittlich 13 Arbeitnehmer beschÃ¤ftigt.21 GeschÃ¤ftsfÃ¼hrer der Gesellschaft im GeschÃ¤ftsjahr waren Herr Oliver Dierks und Herr Jan van den Bongardt.5.UnterschriftHamburg, 2. Mai 2019TerraCon GmbHgez. Oliver Dierks; gez. Jan van den BongardtÂ Â";"";"";"";"";"KUNUNU_con terra GmbH.csv_13.05.2019.html"
"con terra GmbH";"18.02.2020";"Jahresabschluss";"01.07.2018";"30.06.2019";"Der Personalaufwand stieg im Vorjahresvergleich um 11,7 % auf insgesamt TEUR 9.948. Diese Entwicklung ist in erster Linie auf den Personalaufbau zurÃ¼ckzufÃ¼hren. Nach 148 Mitarbeitern (inkl. GeschÃ¤ftsfÃ¼hrung) im Vorjahr beschÃ¤ftigte die Gesellschaft im Berichtsjahr durchschnittlich 159 Mitarbeiter. Die Personalaufwandsquote, gemessen an der Gesamtleistung, ist gegenÃ¼ber dem Vorjahr leicht gesunken und lag bei 51,6 %.";"";"";"";"";"KUNUNU_con terra GmbH.csv_18.02.2020.html"
"TerraCon GmbH";"19.09.2018";"Jahresabschluss";"01.01.2017";"31.12.2017";"21 In den Sonstigen Verbindlichkeiten sind 63.748 â‚¬ fÃ¼r Steuern und 597 â‚¬ fÃ¼r soziale Sicherheit enthalten. Alle BetrÃ¤ge sind im Folgejahr bezahlt worden sind.4.Sonstige AngabenÂ 22 WÃ¤hrend des GeschÃ¤ftsjahres wurden im Unternehmen durchschnittlich 13 Arbeitnehmer beschÃ¤ftigt.23 GeschÃ¤ftsfÃ¼hrer der Gesellschaft im GeschÃ¤ftsjahr waren Herr Oliver Dierks und Herr Jan van den Bongardt.5.UnterschriftHamburg, 20. August 2018TerraCon GmbHgez. Oliver Dierks; gez. Jan van den Bongardt";"";"";"";"";"KUNUNU_con terra GmbH.csv_19.09.2018.html"
"con terra - Gesellschaft fÃ¼r Angewandte Informationstechnologie mbH";"28.02.2018";"Jahresabschluss";"01.07.2016";"30.06.2017";"Der Personalaufwand stieg im Vorjahresvergleich um 9,2 % auf insgesamt TEUR 8.193. Diese Entwicklung ist in erster Linie auf den Personalaufbau zurÃ¼ckzufÃ¼hren. Nach 126 Mitarbeitern (inkl. GeschÃ¤ftsfÃ¼hrung) im Vorjahr beschÃ¤ftigte die Gesellschaft im Berichtsjahr durchschnittlich 136 Mitarbeiter. Die Personalaufwandsquote, gemessen an der Gesamtleistung, blieb damit gegenÃ¼ber dem Vorjahr konstant und lag bei 54,8 %.";"";"";"";"";"KUNUNU_con terra GmbH.csv_28.02.2018.html"
"Conclusive Consulting GmbH";"30.12.2019";"Jahresabschluss";"01.01.2018";"31.12.2018";"Die durchschnittliche Zahl der wÃ¤hrend des GeschÃ¤ftsjahres im Unternehmen beschÃ¤ftigten Arbeitnehmer betrug 8";"";"";"";"";"KUNUNU_Conclusive Consulting GmbH.csv_30.12.2019.html"
"CSI LifeCycle Leasing GmbH";"15.06.2020";"Jahresabschluss";"01.01.2019";"31.12.2019";"Die Wiedervermarktung von LeasingrÃ¼cklÃ¤ufern geschieht mit eigenen Mitarbeitern an spezialisierte WiederverkÃ¤ufer und Systemintegratoren.";"";"";"";"";"KUNUNU_CSI LifeCycle Leasing GmbH.csv_15.06.2020.html"
"CSI LifeCycle Leasing GmbH";"30.08.2019";"Jahresabschluss";"01.01.2018";"31.12.2018";"Die Wiedervermarktung von LeasingrÃ¼cklÃ¤ufern geschieht mit eigenen Mitarbeitern an spezialisierte WiederverkÃ¤ufer und Systemintegratoren.";"";"";"";"";"KUNUNU_CSI LifeCycle Leasing GmbH.csv_30.08.2019.html"
"DataCo GmbH";"21.04.2020";"Jahresabschluss";"01.01.2018";"31.12.2018";"Die Gesellschaft beschÃ¤ftigte im Jahresdurchschnitt 83 Arbeitnehmer (Vorjahr 0).";"";"";"";"";"KUNUNU_DataCo GmbH.csv_21.04.2020.html"
"DigiComm Gesellschaft fÃ¼r Kommunikationssysteme mbH";"13.12.2019";"Jahresabschluss";"01.01.2018";"31.12.2018";"Im GeschÃ¤ftsjahr wurden durchschnittlich 13 Arbeitnehmer beschÃ¤ftigt.";"";"";"";"";"KUNUNU_DigiComm Gesellschaft für Kommunikationssysteme mbH.csv_13.12.2019.html"
"Doopic GmbH";"03.03.2020";"Jahresabschluss";"01.01.2018";"31.12.2018";"Die durchschnittliche Zahl der wÃ¤hrend des GeschÃ¤ftsjahres im Unternehmen beschÃ¤ftigten Arbeitnehmer betrug zehn.";"";"";"";"";"KUNUNU_Doopic GmbH.csv_03.03.2020.html"
"doubleSlash Net-Business GmbH";"14.10.2019";"Jahresabschluss";"01.10.2017";"30.09.2018";"WÃ¤hrend des GeschÃ¤ftsjahres waren durchschnittlich die nachfolgenden Arbeitnehmergruppen im Unternehmen beschÃ¤ftigt:";"";"";"";"";"KUNUNU_doubleSlash Net-Business GmbH.csv_14.10.2019.html"
"doubleSlash Net-Business GmbH";"14.10.2019";"Jahresabschluss";"01.10.2017";"30.09.2018";"WÃ¤hrend des GeschÃ¤ftsjahres waren durchschnittlich die nachfolgenden Arbeitnehmergruppen im Unternehmen beschÃ¤ftigt:";"";"";"";"";"KUNUNU_doubleSlash NetBusiness GmbH.csv_14.10.2019.html"
"DSV Segel-Service GmbH";"23.03.2020";"Jahresabschluss";"01.01.2018";"31.12.2018";"3. Arbeitnehmer";"";"";"";"";"KUNUNU_DSV Segel-Service GmbH.csv_23.03.2020.html"
"DSV Segel-Service GmbH";"23.03.2020";"Jahresabschluss";"01.01.2018";"31.12.2018";"3. Arbeitnehmer";"";"";"";"";"KUNUNU_DSV SegelService GmbH.csv_23.03.2020.html"
"EACG GmbH";"21.02.2020";"Jahresabschluss";"01.01.2018";"31.12.2018";"";"";"";"";"";"KUNUNU_EACG GmbH.csv_21.02.2020.html"
"EBERTLANG Distribution GmbH";"05.09.2019";"Jahresabschluss";"01.01.2018";"31.12.2018";"Allgemeine Angaben und ErlÃ¤uterungen zum Jahresabschluss Die EBERTLANG Distribution GmbH mit Sitz in der Garbenheimer StraÃŸe 36 in 35578 Wetzlar, eingetragen im Handelsregister B des Amtsgerichts Wetzlar unter HRB 5946, hat ihren Jahresabschluss fÃ¼r das GeschÃ¤ftsjahr vom 1. Januar bis 31. Dezember 2018 unter Beachtung der handelsrechtlichen Vorschriften und der ergÃ¤nzenden Vorschriften des GmbHG aufgestellt. Die Gesellschaft ist eine kleine Kapitalgesellschaft i. S. d. Â§ 267 Abs. 1 HGB.Bei der Aufstellung der Bilanz hat die Gesellschaft die Bilanzform im Sinne des Â§ 266 HGB gewÃ¤hlt. Die Gewinn- und Verlustrechnung wurde nach dem Gesamtkostenverfahren aufgestellt. Die Gliederung entspricht Â§ 275 HGB.ErlÃ¤uterungen und Angaben zu Bilanzierungs- und BewertungsmethodenImmaterielle VermÃ¶gensgegenstÃ¤nde und das SachanlagevermÃ¶gen werden zu AnschaffÂ­ungskosten, vermindert um planmÃ¤ÃŸige lineare Abschreibungen entsprechend der steuÂ­erlichen Afa-Tabellen, angesetzt. Die in den steuerlichen Afa- Tabellen angegebenen Nutzungsdauern entsprechen den wirtschaftlichen Nutzungsdauern der Gesellschaft. Forderungen und sonstige VermÃ¶gensgegenstÃ¤nde sind zum Nennwert bilanziert, wobei die erkennbaren Einzelrisiken - sofern notwendig - durch Einzelwertberichtigungen berÃ¼cksichtigt sind.Die flÃ¼ssigen Mittel werden mit dem Nennwert angesetzt.RÃ¼ckstellungen werden mit dem nach vernÃ¼nftiger kaufmÃ¤nnischer Beurteilung notwendigen ErfÃ¼llungsbetrag angesetzt und tragen den ungewissen Verbindlichkeiten und den erkennbaren Risiken in angemessenem Umfang Rechnung.Verbindlichkeiten werden mit dem ErfÃ¼llungsbetrag bilanziert.Die FremdwÃ¤hrungsbewertung von kurzfristigen VermÃ¶gensgegenstÃ¤nden und VerbindÂ­lichkeiten mit einer Restlaufzeit von unter einem Jahr erfolgt gemÃ¤ÃŸ Â§ 256a HGB mit dem Devisenkassamittelkurs am Abschluss-Stichtag.GrÃ¶ÃŸenabhÃ¤ngige Erleichterungen bei der Erstellung des Jahresabschlusses wurden gemÃ¤ÃŸ Â§ 288 HGB zum Teil in Anspruch genommen.ErlÃ¤uterungen zur Bilanz und Gewinn- und VerlustrechnungDer Betrag der Forderungen und sonstigen VermÃ¶gensgegenstÃ¤nde mit einer Restlaufzeit von mehr als einem Jahr betrÃ¤gt EUR 5.709,58 (i. Vj. EUR 8.392,54).Das gezeichnete Kapital von EUR 50.000,00 ist in voller HÃ¶he (i. Vj. EUR 50.000,00) eingezahlt. Die Aufstellung der Bilanz erfolgte fÃ¼r das GeschÃ¤ftsjahr nach teilweiser Ergebnisverwendung. Im Vorjahr erfolgte eine AusschÃ¼ttung aus dem Gewinnvortrag.Die SteuerrÃ¼ckstellungen beinhalten die das GeschÃ¤ftsjahr betreffenden, noch nicht verÂ­anlagten Steuern.Die sonstigen RÃ¼ckstellungen enthalten im Wesentlichen erwartete Verpflichtungen aus dem Personalbereich (EUR 77.134,78; i. Vj. EUR 63.126,89) sowie BetrÃ¤ge fÃ¼r ausstehende Rechnungen (EUR 24,68; i. Vj. EUR 50.580,62) und Jahresabschlusskosten (EUR 26.500,00; i. Vj. EUR 24.495,35).Die Verbindlichkeiten haben wie im Vorjahr alle eine Restlaufzeit bis zu einem Jahr.Die sonstigen betrieblichen ErtrÃ¤ge enthalten mit EUR 19.632,04 (i. Vj. EUR 70.003,18) ErtrÃ¤ge aus der WÃ¤hrungsumrechnung. Sie enthalten im GeschÃ¤ftsjahr keine (i. Vj. EUR 108.752,62) Erstattungen der GeschÃ¤ftsfÃ¼hrer fÃ¼r Beratungsaufwendungen.Die sonstigen betrieblichen Aufwendungen enthalten im GeschÃ¤ftsjahr 2018 EUR 2.355,54 (i. Vj. EUR 0,00) Aufwendungen aus der WÃ¤hrungsumrechnung.Sonstige AngabenPersonalIm Jahresdurchschnitt waren 48 (i. Vj. 37) Mitarbeiter beschÃ¤ftigt. HaftungsverhÃ¤ltnisse/Sonstige finanzielle VerpflichtungenHaftungsverhÃ¤ltnisse i. S. d. Â§ 251 HGB bestanden zum Bilanzstichtag nicht. Sonstige finanzielle Verpflichtungen gemÃ¤ÃŸ Â§ 285 Nr. 3a HGB, die Ã¼ber die laufenden kurzfristigen Verpflichtungen hinausgehen, bestehen im Zusammenhang mit Leasing- und MietvertrÃ¤gen in HÃ¶he von EUR 43.633,52.GeschÃ¤ftsfÃ¼hrungAls GeschÃ¤ftsfÃ¼hrer sind bestellt:Steffen Ebert, Wetzlar, Kaufmann Volker Lang, LanggÃ¶ns, KaufmannWetzlar, den 15. MÃ¤rz 2019";"";"";"";"";"KUNUNU_EBERTLANG Distribution GmbH.csv_05.09.2019.html"
"Eickelschulte Aktiengesellschaft";"13.12.2018";"Jahresabschluss";"01.01.2017";"31.12.2017";"Im GeschÃ¤ftsjahr waren durchschnittlich 26 Arbeitnehmer beschÃ¤ftigt.";"";"";"";"";"KUNUNU_Eickelschulte AG.csv_13.12.2018.html"
"Eickelschulte Aktiengesellschaft";"29.08.2019";"Jahresabschluss";"01.01.2018";"31.12.2018";"Im GeschÃ¤ftsjahr waren durchschnittlich 28 Arbeitnehmer beschÃ¤ftigt.";"";"";"";"";"KUNUNU_Eickelschulte AG.csv_29.08.2019.html"
"Emmet Software Labs GmbH & Co. KG";"13.05.2019";"Jahresabschluss";"01.01.2018";"31.12.2018";"Die Gesellschaft beschÃ¤ftigte neben der GeschÃ¤ftsfÃ¼hrung im GeschÃ¤ftsjahr durchschnittlich 23Mitarbeiter. Die Berechnung erfolgte methodisch nach Â§ 267 Abs. 5 HGB.";"";"";"";"";"KUNUNU_Emmet Software Labs GmbH  Co. KG.csv_13.05.2019.html"
"EPAM Systems GmbH";"30.03.2020";"Jahresabschluss";"01.01.2018";"31.12.2018";"Die Personalkosten stiegen Jahr 2018 von TEUR 6.343 auf TEUR 8.353 und weisen somit einen deutlichen Anstieg um 31,7 % auf. Dies ist durch das Unternehmenswachstum und den dadurch erhÃ¶hten Personalbedarf bedingt. Die Anzahl der Mitarbeiter stieg von 46 auf nunmehr 70. Die Personalaufwandsquote liegt mit 14,6 % um 1,6 %-Punkte Ã¼ber Vorjahresniveau.";"";"";"";"";"KUNUNU_EPAM Systems GmbH.csv_30.03.2020.html"
"EXPERTNET GmbH (vormals: expertNet.IT Gesellschaft mit beschrÃ¤nkter Haftung)";"02.03.2020";"Jahresabschluss";"01.01.2018";"31.12.2018";"";"";"";"";"";"KUNUNU_expertNet.IT Gesellschaft mit beschränkter Haftung.csv_02.03.2020.html"
"VERBIO Vereinigte BioEnergie AG";"06.11.2019";"Nichtfinanzielle";"01.07.2018";"30.06.2019";"Mit dem Inkrafttreten des CSR-Richtlinie-Umsetzungsgesetzes (CSR-RUG) und den damit einhergehenden Berichterstattungspflichten ist die VERBIO Vereinigte BioEnergie AG verpflichtet, eine nichtfinanzielle ErklÃ¤rung gemÃ¤ÃŸ Â§Â§ 289 b, 315 b HGB abzugeben. In unserer nichtfinanziellen ErklÃ¤rung fÃ¼r das Berichtsjahr 2018/2019 sind alle hinreichenden Informationen der VERBIO Vereinigte BioEnergie AG und ihrer Tochtergesellschaften entsprechend dem CSR-Richtlinie-Umsetzungsgesetz (CSR-RUG) sowie nach Â§Â§ 289 b, 315 b HGB integriert. Eine Unterscheidung zwischen den wesentlichen Informationen und Kennzahlen unserer Tochtergesellschaften und denen der Konzerngesellschaft nehmen wir nicht vor. Unsere nichtfinanzielle ErklÃ¤rung enthÃ¤lt gemÃ¤ÃŸ CSR-Richtlinie-Umsetzungsgesetz alle wesentlichen Informationen zu Umwelt-, Arbeitnehmer- und Sozialbelangen. Weiterhin berichten wir Ã¼ber die Achtung der Menschenrechte sowie die BekÃ¤mpfung von Korruption und Bestechung. Den Index mit den jeweiligen Kapitelverweisen sowie den entsprechenden Informationen finden Sie im Anhang.";"";"";"";"";"KUNUNU_feedback ag.csv_06.11.2019.html"
"FibuNet GmbH";"14.08.2019";"Jahresabschluss";"01.01.2018";"31.12.2018";"Die Gesellschaft beschÃ¤ftigte im GeschÃ¤ftsjahr 2018 durchschnittlich 35 Arbeitnehmer.";"";"";"";"";"KUNUNU_FibuNet GmbH.csv_14.08.2019.html"
"FORCAM GmbH";"09.01.2020";"Jahresabschluss";"01.01.2018";"31.12.2018";"Durchschnittliche Zahl der wÃ¤hrend des GeschÃ¤ftsjahrs beschÃ¤ftigten Arbeitnehmer";"";"";"";"";"KUNUNU_FORCAM GmbH.csv_09.01.2020.html"
"formitas AG";"23.09.2019";"Jahresabschluss";"01.01.2018";"31.12.2018";"Die durchschnittliche Zahl der wÃ¤hrend des GeschÃ¤ftsjahres 2018 im Unternehmen beschÃ¤ftigten Arbeitnehmer betrug 68 (Vorjahr 54).";"";"";"";"";"KUNUNU_Formitas AG.csv_23.09.2019.html"
"GCE Invest Renewable GmbH";"11.03.2020";"Jahresabschluss";"01.01.2018";"31.12.2018";"";"";"";"";"";"KUNUNU_GCE mbH.csv_11.03.2020.html"
"GCE Windpark Gischberg GmbH";"15.03.2019";"Jahresabschluss";"01.01.2018";"31.12.2018";"Die Gesamtzahl der durchschnittlich beschÃ¤ftigten Arbeitnehmer betrÃ¤gt 0.";"";"";"";"";"KUNUNU_GCE mbH.csv_15.03.2019.html"
"GCE Windpark MaÃŸbach GmbH & Co. KG";"17.10.2019";"Jahresabschluss";"01.01.2018";"31.12.2018";"Die deutsche Wirtschaft befindet sich weiter und damit das zehnte Jahr in Folge auf Wachstumskurs. So erwartet die Bundesregierung fÃ¼r das Jahr 2019 ein Wachstum des preisbereinigten Bruttoinlandsprodukts um 1,0 %. Der Arbeitsmarkt entwickelt sich weiterhin positiv. Die Arbeitslosenquote wird im Jahr 2019 voraussichtlich auf 4,9 % sinken, die Zahl der BeschÃ¤ftigten weiter auf 45,2 Millionen steigen. In der Folge nehmen auch die privaten Einkommen weiter spÃ¼rbar zu: Die NettolÃ¶hne und -gehÃ¤lter der Arbeitnehmer steigen im Jahr 2019 um 4,8 %, wozu auch die Entlastungen bei Steuern und Abgaben beitragen. Angesichts steigender LÃ¶hne und BeschÃ¤ftigung sowie der Investitionen der Unternehmen bleibt die Binnenwirtschaft eine wichtige StÃ¼tze der Konjunktur. Dabei setzt das niedrige Zinsumfeld spÃ¼rbare Impulse, insbesondere in der Bauwirtschaft. Die expansiv ausgerichtete Fiskalpolitik regt die Konjunktur zusÃ¤tzlich an. Insgesamt bleibt die wirtschaftliche Entwicklung in Deutschland aufwÃ¤rtsgerichtet, sie ist aber in unruhigeres Fahrwasser geraten. Die Risiken, vornehmlich aus dem auÃŸenwirtschaftlichen Umfeld, haben sich erhÃ¶ht. Dies ist ein Grund dafÃ¼r, dass sich das Wachstumstempo 2019 im Vergleich zum Vorjahr reduziert.";"";"";"";"";"KUNUNU_GCE mbH.csv_17.10.2019.html"
"GCE Service GmbH";"19.02.2020";"Jahresabschluss";"01.01.2018";"31.12.2018";"Die durchschnittliche Zahl der wÃ¤hrend des GeschÃ¤ftsjahres im Unternehmen beschÃ¤ftigten Arbeitnehmer betrug 33,75.";"";"";"";"";"KUNUNU_GCE mbH.csv_19.02.2020.html"
"GCE Kraftwerkspark II Invest Frankreich GmbH";"19.11.2019";"Jahresabschluss";"01.01.2018";"31.12.2018";"Die Gesamtzahl der durchschnittlich beschÃ¤ftigten Arbeitnehmer betrÃ¤gt 0.";"";"";"";"";"KUNUNU_GCE mbH.csv_19.11.2019.html"
"GCE GÃ¶ttschConsulting GmbH";"23.10.2019";"Jahresabschluss";"01.01.2018";"31.12.2018";"";"";"";"";"";"KUNUNU_GCE mbH.csv_23.10.2019.html"
"GCE GmbH";"25.09.2019";"Jahresabschluss";"01.01.2018";"31.12.2018";"In den sonstigen betrieblichen ErtrÃ¤gen sind ErtrÃ¤ge aus KFZ Nutzung und KFZ Leasing fÃ¼r die Mitarbeiter in HÃ¶he von TEUR 152 und ErtrÃ¤ge aus Versicherungserstattung fÃ¼r Arbeitszeitausfall in HÃ¶he von TEUR 93 enthalten. In den sonstigen betrieblichen ErtrÃ¤gen sind periodenfremde ErtrÃ¤ge in HÃ¶he von TEUR 10 (Vorjahr: TEUR 74) enthalten, die aus AnlagenabgÃ¤ngen und AuflÃ¶sung sonstiger RÃ¼ckstellungen entstanden sind.";"";"";"";"";"KUNUNU_GCE mbH.csv_25.09.2019.html"
"GCE GmbH";"27.04.2020";"Jahresabschluss";"01.01.2018";"31.12.2018";"Die Erkenntnisse aus der PrÃ¼fung der Prozesse und des rechnungslegungsbezogenen internen Kontrollsystems haben wir bei der Auswahl der analytischen PrÃ¼fungshandlungen (PlausibilitÃ¤tsbeurteilungen) und der EinzelfallprÃ¼fungen hinsichtlich der Bestandsnachweise, des Ansatzes, des Ausweises und der Bewertung im Jahresabschluss berÃ¼cksichtigt. Im unternehmensindividuellen PrÃ¼fungsprogramm haben wir die Schwerpunkte unserer PrÃ¼fung, Art und Umfang der PrÃ¼fungshandlungen sowie den zeitlichen PrÃ¼fungsablauf und den Einsatz von Mitarbeitern festgelegt. Hierbei haben wir die GrundsÃ¤tze der Wesentlichkeit und der Risikoorientierung beachtet und daher unser PrÃ¼fungsurteil Ã¼berwiegend auf der Basis von Stichproben getroffen.";"";"";"";"";"KUNUNU_GCE mbH.csv_27.04.2020.html"
"Halvotec Information Services GmbH";"13.06.2019";"Jahresabschluss";"01.01.2018";"31.12.2018";"";"";"";"";"";"KUNUNU_Halvotec Information Services GmbH.csv_13.06.2019.html"
"Hitachi Solutions Germany GmbH (vormals: implexis GmbH)";"17.02.2020";"Jahresabschluss";"01.01.2018";"31.12.2018";"Die Hitachi Solutions Germany GmbH ist ein wachsendes IT-Dienstleistungsunternehmen und ist mit mehr als 250 Experten an sechs Standorten in Deutschland vertreten. Seit der GrÃ¼ndung liegt der Fokus auf der Implementierung von GeschÃ¤ftsanwendungen auf Basis von Microsoft Technologien. Als achtfacher Microsoft â€œGold-Partnerâ€œ und Mitglied im Microsoft European Industry Partnerprogramm wurden seit UnternehmensgrÃ¼ndung mehr als eintausend Projekte bei namenhaften Kunden erfolgreich umgesetzt. Als LÃ¶sungsprovider auf Basis von Microsoft-Technologien bietet das Unternehmen mit hochqualifizierten Mitarbeitern, bewÃ¤hrten und ergebnisorientierten Projektmethoden Dienstleistungen auf Basis von aktuellsten Technologien an. Mit der modularen Digitalisierungsplattform xReach verfÃ¼gt die implexis Ã¼ber eine SchlÃ¼sseltechnologie, um mit hÃ¶chster Effizienz die Digitalisierungsstrategien der Kunden umzusetzen. Seit Sommer 2018 ist die implexis ein 100%iges Tochterunternehmen der Hitachi Solutions Europe AG.";"";"";"";"";"KUNUNU_Hitachi Solutions Germany GmbH.csv_17.02.2020.html"
"Hornetsecurity GmbH";"22.10.2019";"Jahresabschluss";"01.01.2018";"31.12.2018";"Die durchschnittliche Zahl der wÃ¤hrend des GeschÃ¤ftsjahres beschÃ¤ftigten Arbeitnehmer betrÃ¤gt 120 (31.12.2017: 95), davon 21 (31.12.2017: 17) Auszubildende und wie im Vorjahr 3 GeschÃ¤ftsfÃ¼hrer. Die GeschÃ¤ftsfÃ¼hrung erfolgte durch die alleinvertretungsberechtigten und von den BeschrÃ¤nkungen des Â§Â 181 BGB befreiten GeschÃ¤ftsfÃ¼hrer der Gesellschaft, Herrn Daniel Hofmann, Isernhagen, Herrn Dipl.-Ing. Oliver Dehning, Burgwedel, und Herrn Daniel Blank, Dalldow-DÃ¶beritz. Die Hornetsecurity GmbH, Hannover, ist mit einem Anteil von 100 Prozent an der im Jahr 2017 gegrÃ¼ndeten Hornetsecurity Inc., Pittsburgh, PA, USA beteiligt. Der im Entwurf vorliegende Jahresabschluss der Hornetsecurity Inc., Pittsburgh, PA, USA zum 31.12.2018 weist einen nicht durch Eigenkapital gedeckten Fehlbetrag in HÃ¶he von $ - 682.568,40 sowie einen Verlust von $ - 475.496,32 aus.";"";"";"";"";"KUNUNU_Hornetsecurity GmbH.csv_22.10.2019.html"
"HRI IT-Services GmbH";"09.01.2020";"Jahresabschluss";"01.01.2018";"31.12.2018";"Die Zahl der Arbeitnehmer nach Â§ 267 Abs. 5 HGB betrug im Jahresdurchschnitt 23 Arbeitnehmer (Vorjahr: 24 Arbeitnehmer).";"";"";"";"";"KUNUNU_HRI IT-Services GmbH.csv_09.01.2020.html"
"HRI IT-Services GmbH";"09.01.2020";"Jahresabschluss";"01.01.2018";"31.12.2018";"Die Zahl der Arbeitnehmer nach Â§ 267 Abs. 5 HGB betrug im Jahresdurchschnitt 23 Arbeitnehmer (Vorjahr: 24 Arbeitnehmer).";"";"";"";"";"KUNUNU_HRI ITServices GmbH.csv_09.01.2020.html"
"IKS Mittelrhein Software GmbH (vormals: GIMIK Systeme -Gesellschaft fÃ¼r innovative Marketing- & Kommunikationssysteme mbH)";"05.07.2019";"Jahresabschluss";"01.01.2018";"31.12.2018";"Die durchschnittliche Zahl der wÃ¤hrend des GeschÃ¤ftsjahres im Unternehmen beschÃ¤ftigten Arbeitnehmer betrug 6.";"";"";"";"";"KUNUNU_IKS Innovative Kommunikationssysteme.csv_05.07.2019.html"
"INNODATA - Gesellschaft fÃ¼r innovative Datenverarbeitung, Kommunikation & Service mbH";"06.02.2020";"Jahresabschluss";"01.01.2018";"31.12.2018";"";"";"";"";"";"KUNUNU_INNODATA  Gesellschaft für innovative Datenverarbeitung Kommunikation  Service mbH.csv_06.02.2020.html"
"INNODATA - Gesellschaft fÃ¼r innovative Datenverarbeitung, Kommunikation & Service mbH";"06.02.2020";"Jahresabschluss";"01.01.2018";"31.12.2018";"";"";"";"";"";"KUNUNU_INNODATA - Gesellschaft für innovative Datenverarbeitung Kommunikation  Service mbH.csv_06.02.2020.html"
"innovas GmbH";"11.02.2020";"Jahresabschluss";"01.01.2018";"31.12.2018";"Mit mehr als 135 Mitarbeitern an den Standorten KÃ¶ln und Essen werden Softwarekomponenten fÃ¼r spezialisierte Aufgaben der Krankenversicherung entwickelt, IT-Projekte (z.B. zum Datenaustausch im Gesundheitswesen) durchgefÃ¼hrt und fachliche Dienstleistungen in groÃŸem Umfang erbracht.";"";"";"";"";"KUNUNU_innovas GmbH.csv_11.02.2020.html"
"innovas Service GmbH";"20.01.2020";"Jahresabschluss";"01.01.2018";"31.12.2018";"WÃ¤hrend des GeschÃ¤ftsjahres wurden durchschnittlich 25 Arbeitnehmer beschÃ¤ftigt.";"";"";"";"";"KUNUNU_innovas GmbH.csv_20.01.2020.html"
"Integer Solutions GmbH";"28.10.2019";"Jahresabschluss";"01.01.2018";"31.12.2018";"";"";"";"";"";"KUNUNU_integer solutions.csv_28.10.2019.html"
"ipn Software GmbH";"17.12.2019";"Jahresabschluss";"01.01.2018";"31.12.2018";"Die durchschnittliche Zahl der wÃ¤hrend des GeschÃ¤ftsjahres im Unternehmen beschÃ¤ftigten Arbeitnehmer betrug 14,75.";"";"";"";"";"KUNUNU_ipn Software GmbH.csv_17.12.2019.html"
"ITERGO Informationstechnologie GmbH";"21.11.2019";"Jahresabschluss";"01.01.2018";"31.12.2018";"Als IT-Dienstleister der ERGO entwickelt und implementiert die ITERGO IT-Strategien und Dienstleistungskonzepte fÃ¼r das In- und Ausland und sorgt so dafÃ¼r, dass ERGO stÃ¤ndig mit dem neuesten Stand der Informationstechnologie arbeitet. In Deutschland arbeitet die ITERGO an den Standorten DÃ¼sseldorf, Hamburg, KÃ¶ln und MÃ¼nchen. Im Berichtsjahr waren bei der Gesellschaft im Jahresdurchschnitt an den verschiedenen Standorten in Deutschland insgesamt 1.708 Mitarbeiter beschÃ¤ftigt.";"";"";"";"";"KUNUNU_ITERGO Informationstechnologie GmbH.csv_21.11.2019.html"
"K + H Software GmbH & Co. KG";"03.09.2019";"Jahresabschluss";"01.01.2018";"31.12.2018";"Die durchschnittliche Zahl der wÃ¤hrend des GeschÃ¤ftsjahres im Unternehmen beschÃ¤ftigten Arbeitnehmer betrug 13.";"";"";"";"";"KUNUNU_KH Software GmbH  Co.KG.csv_03.09.2019.html"
"K + H Software GmbH & Co. KG";"26.07.2018";"Jahresabschluss";"01.01.2017";"31.12.2017";"";"";"";"";"";"KUNUNU_KH Software GmbH  Co.KG.csv_26.07.2018.html"
"kimeta GmbH";"19.12.2019";"Jahresabschluss";"01.01.2018";"31.12.2018";"Die Gesellschaft hat im GeschÃ¤ftsjahr 2018 durchschnittlich 65 Arbeitnehmer beschÃ¤ftigt.";"";"";"";"";"KUNUNU_kimeta GmbH.csv_19.12.2019.html"
"L. Horstmann GmbH, Datenverarbeitung, Telekommunikations- und Datentechnik";"07.01.2020";"Jahresabschluss";"01.01.2018";"31.12.2018";"";"";"";"";"";"KUNUNU_L.Horstmann GmbH.csv_07.01.2020.html"
"LEVERTON GmbH";"28.12.2018";"Jahresabschluss";"01.01.2017";"31.12.2017";"Die Gesellschaft beschÃ¤ftigte im GeschÃ¤ftsjahr durchschnittlich 44 Arbeitnehmer.";"";"";"";"";"KUNUNU_Leverton GmbH.csv_28.12.2018.html"
"LITE Games GmbH";"20.01.2020";"Jahresabschluss";"01.01.2018";"31.12.2018";"Die durchschnittliche Zahl der wÃ¤hrend des GeschÃ¤ftsjahres im Unternehmen beschÃ¤ftigten Arbeitnehmer betrug 5,75 .";"";"";"";"";"KUNUNU_LITE Games GmbH.csv_20.01.2020.html"
"LITE Games GmbH";"28.01.2019";"Jahresabschluss";"01.01.2017";"31.12.2017";"Die durchschnittliche Zahl der wÃ¤hrend des GeschÃ¤ftsjahres im Unternehmen beschÃ¤ftigten Arbeitnehmer betrug 5,75 .";"";"";"";"";"KUNUNU_LITE Games GmbH.csv_28.01.2019.html"
"Locamo GmbH & Co. KG";"06.04.2020";"Jahresabschluss";"01.01.2018";"31.12.2018";"1. Anzahl der Arbeitnehmer";"";"";"";"";"KUNUNU_Locamo GmbH  Co. KG.csv_06.04.2020.html"
"Lokalleads GmbH";"29.08.2018";"Jahresabschluss";"01.01.2017";"31.12.2017";"Die durchschnittliche Zahl der wÃ¤hrend des GeschÃ¤ftsjahres im Unternehmen beschÃ¤ftigten Arbeitnehmer betrug 32,50.";"";"";"";"";"KUNUNU_Lokalleads GmbH.csv_29.08.2018.html"
"Voting Partner GmbH (vormals: Lumi Technologies GmbH)";"19.09.2018";"Jahresabschluss";"01.01.2017";"31.12.2017";"Die durchschnittliche Zahl der wÃ¤hrend des GeschÃ¤ftsjahres im Unternehmen beschÃ¤ftigten Arbeitnehmer betrug 9.";"";"";"";"";"KUNUNU_Lumi Technologies GmbH.csv_19.09.2018.html"
"m2solutions EDV-Service GmbH";"19.03.2020";"Jahresabschluss";"01.01.2018";"31.12.2018";"Die durchschnittliche Anzahl der im GeschÃ¤ftsjahr 2018 beschÃ¤ftigten Arbeitnehmer betrug 139.";"";"";"";"";"KUNUNU_m2solutions EDV-Service GmbH.csv_19.03.2020.html"
"Mandala Internet, EDV Service GmbH";"18.10.2019";"Jahresabschluss";"01.01.2018";"31.12.2018";"Die durchschnittliche Zahl der wÃ¤hrend des GeschÃ¤ftsjahres im Unternehmen beschÃ¤ftigten Arbeitnehmer betrug 11.";"";"";"";"";"KUNUNU_Mandala Internet EDV Service GmbH.csv_18.10.2019.html"
"The MathWorks GmbH";"21.04.2020";"Jahresabschluss";"01.01.2018";"31.12.2018";"";"";"";"";"";"KUNUNU_MathWorks.csv_21.04.2020.html"
"The MathWorks GmbH";"28.02.2020";"Jahresabschluss";"01.01.2018";"31.12.2018";"In 2018 wurden im Durchschnitt 154 Mitarbeiter beschÃ¤ftigt. Die Anzahl der BeschÃ¤ftigten zum 31. Dezember 2018 betrug 156 Mitarbeiter.";"";"";"";"";"KUNUNU_MathWorks.csv_28.02.2020.html"
"MediaInterface GmbH";"02.10.2019";"Jahresabschluss";"01.10.2017";"30.09.2018";"1.â€ƒAnzahl der Mitarbeiter";"";"";"";"";"KUNUNU_MediaInterface GmbH.csv_02.10.2019.html"
"Mensch und Maschine Deutschland GmbH";"18.02.2020";"Jahresabschluss";"01.01.2018";"31.12.2018";"Die durchschnittliche Zahl der Mitarbeiter wÃ¤hrend des GeschÃ¤ftsjahres belief sich auf 126 Angestellte.";"";"";"";"";"KUNUNU_Mensch und Maschine Deutschland GmbH.csv_18.02.2020.html"
"minubo GmbH";"27.01.2020";"Jahresabschluss";"01.01.2018";"31.12.2018";"Die Gesellschaft beschÃ¤ftigte im GeschÃ¤ftsjahr 2018 durchschnittlich 20 Arbeitnehmer.";"";"";"";"";"KUNUNU_minubo GmbH.csv_27.01.2020.html"
"minubo GmbH";"27.12.2018";"Jahresabschluss";"01.01.2017";"31.12.2017";"Die Gesellschaft beschÃ¤ftigte im GeschÃ¤ftsjahr 2017 durchschnittlich 19 Arbeitnehmer.";"";"";"";"";"KUNUNU_minubo GmbH.csv_27.12.2018.html"
"MobiMedia Aktiengesellschaft";"09.10.2019";"Jahresabschluss";"01.01.2018";"31.12.2018";"der Firma MobiMedia Aktiengesellschaft I. Allgemeine Angaben zum Unternehmen Angaben zur Identifikation der Gesellschaft laut Registergericht Firmenname laut Registergericht: MobiMedia AktiengesellschaftÂ Â Â Firmensitz laut Registergericht: PfarrkirchenRegistereintrag: HandelsregisterRegistergericht: LandshutRegister-Nr.: HR B 5354II. Allgemeine Angaben zu Inhalt und Gliederung des JahresabschlussesDer Jahresabschluss wurde nach den Vorschriften der Â§Â§ 242 ff. HGB unter Beachtung der ergÃ¤nzenden Bestimmungen fÃ¼r kleine Kapitalgesellschaften (Â§Â§ 264 ff. HGB) sowie des AktG aufgestellt.Die MobiMedia AG ist eine kleine Kapitalgesellschaft i.S.d. Â§ 267 Abs. 1 HGB. Von den Erleichterungen der Â§Â§ 266 Abs. 1, 274a, 288 Abs. 1 und 326 HGB macht die Gesellschaft Gebrauch.III. Angaben zu Bilanzierungs- und BewertungsmethodenBilanzierungs- und BewertungsgrundsÃ¤tzeErworbene immaterielle Anlagewerte wurden zu Anschaffungskosten angesetzt und, sofern sie der Abnutzung unterlagen, um planmÃ¤ÃŸige Abschreibungen vermindert.Das SachanlagevermÃ¶gen wurde zu Anschaffungs- bzw. Herstellungskosten angesetzt und, soweit abnutzbar, um planmÃ¤ÃŸige Abschreibungen vermindert.Die planmÃ¤ÃŸigen Abschreibungen wurden nach der voraussichtlichen Nutzungsdauer der VermÃ¶gensgegenstÃ¤nde linear vorgenommen.Die ZugÃ¤nge an geringwertigen WirtschaftsgÃ¼tern bis Euro 800,00 wurden im Berichtsjahr erstmals entsprechend Â§ 6 Abs. 2 EStG in voller HÃ¶he abgeschrieben. In den Vorjahren wurden die ZugÃ¤nge an geringwertigen WirtschaftsgÃ¼tern ab Euro 150,00 bis Euro 1.000,00 entsprechend Â§ 6 Abs. 2a EStG in einen Sammelposten eingestellt, der im Wirtschaftsjahr der Bildung und in den folgenden Wirtschaftsjahren mit jeweils einem FÃ¼nftel gewinnmindernd aufgelÃ¶st wird.Die Bewertung der unfertigen Leistungenerfolgt zu Herstellungskosten bzw. mit dem niedrigeren am Stichtag beizulegenden Wert. Die Bewertung der fertigen Erzeugnisse und Warenerfolgt zu Anschaffungskosten bzw. mit dem niedrigeren am Stichtag beizulegenden Wert. Forderungen und sonstige VermÃ¶gensgegenstÃ¤nde wurden unter BerÃ¼cksichtigung aller erkennbaren Risiken bewertet.Zur Abdeckung des allgemeinen Kreditrisikos bei den Forderungen aus Lieferungen und Leistungen wurde im Berichtsjahr eine angemessene Pauschalwertberichtigung in HÃ¶he von 1,0 % (Vj.: 1,0 %) auf den einzelwertberichtigten Netto-Forderungsbestand gebildet. Der Kassenbestand sowie Guthaben bei Kreditinstituten sind zum Nennwert angesetzt. Als Rechnungsabgrenzungsposten werden auf der Aktivseite Ausgaben vor dem Bilanzstichtag ausgewiesen, sofern sie Aufwand fÃ¼r eine bestimmte Zeit nach diesem Tag darstellen.FÃ¼r ungewisse Verbindlichkeiten aus Pensionsverpflichtungen wurden RÃ¼ckstellungen gebildet. Die RÃ¼ckstellungsbildung wurde gem. Â§ 253 Abs. 1 Satz 2 HGB in HÃ¶he des nach vernÃ¼nftiger kaufmÃ¤nnischer Beurteilung notwendigen ErfÃ¼llungsbetrags bewertet. Die SteuerrÃ¼ckstellungen beinhalten die das GeschÃ¤ftsjahr betreffenden, noch nicht veranlagten Steuern.Die sonstigen RÃ¼ckstellungen wurden fÃ¼r alle weiteren ungewissen Verbindlichkeiten gebildet. Dabei wurden alle erkennbaren Risiken berÃ¼cksichtigt.Verbindlichkeiten wurden zum ErfÃ¼llungsbetrag angesetzt.GegenÃ¼ber dem Vorjahr abweichende Bilanzierungs- und BewertungsmethodenBeim Jahresabschluss konnten die bisher angewandten Bilanzierungs- und Bewertungsmethoden im Wesentlichen Ã¼bernommen werden.Ein grundlegender Wechsel von Bilanzierungs- und Bewertungsmethoden gegenÃ¼ber dem Vorjahr fand nicht statt.IV. Angaben zur BilanzEigenkapitalDas Grundkapital ist eingeteilt in 100 vinkulierte Namensaktien als StÃ¼ckaktien im Nennbetrag von je Euro 1.000,00, die nur mit Zustimmung der Gesellschaft Ã¼bertragen werden kÃ¶nnen.PensionsrÃ¼ckstellungenAus der Abzinsung der PensionsrÃ¼ckstellungen mit dem durchschnittlichen Marktzinssatz der vergangenen zehn Jahre ergibt sich im Vergleich zur Abzinsung mit dem durchschnittlichen Marktzinssatz der vergangenen sieben Jahre ein Unterschiedsbetrag in HÃ¶he von TEuro 273. Dieser Unterschiedsbetrag ist fÃ¼r die AusschÃ¼ttung gesperrt.Angabe zu RestlaufzeitvermerkenDer Betrag der Forderungen mit einer Restlaufzeit grÃ¶ÃŸer einem Jahr betrÃ¤gt TEuro 294 (Vorjahr: TEuro 289).Die Verbindlichkeiten haben in HÃ¶he von TEuro 465 (Vorjahr TEuro 647) eine Restlaufzeit von bis zu einem Jahr und in HÃ¶he von TEuro 0 (Vorjahr: TEuro 0) eine Restlaufzeit von mehr als einem Jahr.HaftungsverhÃ¤ltnisse aus nicht bilanzierten sonstigen finanziellen VerpflichtungenNeben den in der Bilanz ausgewiesenen Verbindlichkeiten bestehen in HÃ¶he von TEuro 71 p.a. sonstige finanzielle Verpflichtungen, die einen Mietvertrag fÃ¼r BÃ¼rorÃ¤ume betreffen.Diese Verpflichtungen betreffen auch Verpflichtungen gegenÃ¼ber verbundenen Unternehmen.VI. Sonstige AngabenDurchschnittliche Zahl der wÃ¤hrend des GeschÃ¤ftsjahrs beschÃ¤ftigten ArbeitnehmerDie durchschnittliche Zahl der wÃ¤hrend des GeschÃ¤ftsjahres im Unternehmen beschÃ¤ftigten Arbeitnehmer betrug 21.";"";"";"";"";"KUNUNU_MobiMedia AG.csv_09.10.2019.html"
"MÃ¼ller und Richter Informationssysteme GmbH";"02.12.2019";"Jahresabschluss";"01.01.2018";"31.12.2018";"";"";"";"";"";"KUNUNU_Müller und Richter Informationssysteme GmbH.csv_02.12.2019.html"
"MÃ¼ller und Richter Informationssysteme GmbH";"24.04.2020";"Jahresabschluss";"01.01.2019";"31.12.2019";"";"";"";"";"";"KUNUNU_Müller und Richter Informationssysteme GmbH.csv_24.04.2020.html"
"neam IT-Services GmbH";"04.11.2019";"Jahresabschluss";"01.10.2017";"30.09.2018";"";"";"";"";"";"KUNUNU_neam IT-Services GmbH.csv_04.11.2019.html"
"netlogix GmbH & Co. KG";"06.04.2020";"Jahresabschluss";"01.01.2018";"31.12.2018";"";"";"";"";"";"KUNUNU_netlogix GmbH  Co. KG.csv_06.04.2020.html"
"NetUSE Aktiengesellschaft";"08.07.2019";"Jahresabschluss";"01.10.2017";"30.09.2018";"";"";"";"";"";"KUNUNU_NetUSE AG.csv_08.07.2019.html"
"NetUSE Aktiengesellschaft";"16.04.2019";"Jahresabschluss";"01.10.2017";"30.09.2018";"Durchschnittliche Zahl der wÃ¤hrend des GeschÃ¤ftsjahrs beschÃ¤ftigten Arbeitnehmer";"";"";"";"";"KUNUNU_NetUSE AG.csv_16.04.2019.html"
"NetUSE Aktiengesellschaft";"26.03.2020";"Jahresabschluss";"01.10.2018";"30.09.2019";"Durchschnittliche Zahl der wÃ¤hrend des GeschÃ¤ftsjahrs beschÃ¤ftigten Arbeitnehmer";"";"";"";"";"KUNUNU_NetUSE AG.csv_26.03.2020.html"
"Netzkultur Informationssysteme GmbH";"21.02.2020";"Jahresabschluss";"01.01.2018";"31.12.2018";"Die durchschnittliche Zahl der wÃ¤hrend des GeschÃ¤ftsjahres im Unternehmen beschÃ¤ftigten Arbeitnehmer betrug 17.";"";"";"";"";"KUNUNU_NETZkultur Informationssysteme.csv_21.02.2020.html"
"Noderer Holzfasshandel & GetrÃ¤nketechnik GmbH";"05.08.2019";"Jahresabschluss";"01.01.2018";"31.12.2018";"";"";"";"";"";"KUNUNU_Nodes GmbH.csv_05.08.2019.html"
"XeeNode GmbH";"13.11.2019";"Jahresabschluss";"01.01.2018";"31.12.2018";"";"";"";"";"";"KUNUNU_Nodes GmbH.csv_13.11.2019.html"
"Nodes Pumpen- und Filtertechnik GmbH";"14.01.2020";"Jahresabschluss";"01.01.2018";"31.12.2018";"";"";"";"";"";"KUNUNU_Nodes GmbH.csv_14.01.2020.html"
"NO-WA Maschinenbau Walter Nodes GmbH";"14.02.2020";"Jahresabschluss";"01.01.2018";"31.12.2018";"Die durchschnittliche Zahl der wÃ¤hrend des GeschÃ¤ftsjahres im Unternehmen beschÃ¤ftigten Arbeitnehmer betrug 38.";"";"";"";"";"KUNUNU_Nodes GmbH.csv_14.02.2020.html"
"Mascher & Noder GmbH";"17.01.2020";"Jahresabschluss";"01.01.2018";"31.12.2018";"Die durchschnittliche Zahl der wÃ¤hrend des GeschÃ¤ftsjahres im Unternehmen beschÃ¤ftigten Arbeitnehmer betrug 22,25 (Vorjahr: 22,00).";"";"";"";"";"KUNUNU_Nodes GmbH.csv_17.01.2020.html"
"WYNKEN BLYNKEN AND NOD GmbH & Co. KG (vormals: Supermoon GmbH & Co. KG)";"17.05.2019";"Jahresabschluss";"01.04.2017";"31.03.2018";"Die Gesellschaft beschÃ¤ftigt zehn Arbeitnehmer.";"";"";"";"";"KUNUNU_Nodes GmbH.csv_17.05.2019.html"
"WYNKEN BLYNKEN AND NOD GmbH & Co. KG";"22.11.2019";"Jahresabschluss";"01.04.2018";"31.03.2019";"Die Gesellschaft beschÃ¤ftigt zehn Arbeitnehmer.";"";"";"";"";"KUNUNU_Nodes GmbH.csv_22.11.2019.html"
"Node-H GmbH";"27.12.2019";"Jahresabschluss";"01.01.2018";"31.12.2018";"";"";"";"";"";"KUNUNU_Nodes GmbH.csv_27.12.2019.html"
"oculavis GmbH";"25.03.2020";"Jahresabschluss";"01.01.2018";"31.12.2018";"";"";"";"";"";"KUNUNU_oculavis GmbH.csv_25.03.2020.html"
"Olapline GmbH";"27.02.2020";"Jahresabschluss";"01.01.2018";"31.12.2018";"";"";"";"";"";"KUNUNU_OLAPLINE GmbH.csv_27.02.2020.html"
"52Â° North Initiative for Geospatial Open Source Software GmbH";"07.06.2019";"Jahresabschluss";"01.01.2018";"31.12.2018";"Im abgelaufenen GeschÃ¤ftsjahr waren durchschnittlich 20 Arbeitnehmer beschÃ¤ftigt. WÃ¤hrend des abgelaufenen GeschÃ¤ftsjahres wurden die GeschÃ¤fte der Gesellschaft durch folgende Personen gefÃ¼hrt:";"";"";"";"";"KUNUNU_oPen Software GmbH.csv_07.06.2019.html"
"OSE open software engineering und Systemhaus GmbH";"12.12.2019";"Jahresabschluss";"01.01.2018";"31.12.2018";"Die Gesamtzahl der durchschnittlich beschÃ¤ftigten Arbeitnehmer betrÃ¤gt 10,0.";"";"";"";"";"KUNUNU_oPen Software GmbH.csv_12.12.2019.html"
"Open Text Software GmbH";"27.03.2019";"Jahresabschluss";"01.07.2017";"30.06.2018";"Mitarbeiter";"";"";"";"";"KUNUNU_oPen Software GmbH.csv_27.03.2019.html"
"Optimum datamanagement solutions GmbH";"26.06.2019";"Jahresabschluss";"01.01.2018";"31.12.2018";"Die durchschnittliche Zahl der wÃ¤hrend des GeschÃ¤ftsjahres im Unternehmen beschÃ¤ftigten Arbeitnehmer betrug 23.";"";"";"";"";"KUNUNU_Optimum datamanagement solutions GmbH.csv_26.06.2019.html"
"ORSOFT GmbH";"18.03.2020";"Jahresabschluss";"01.01.2018";"31.12.2018";"Die Gesellschaft beschÃ¤ftigte im GeschÃ¤ftsjahr 2018 durchschnittlich 81 Mitarbeiter.";"";"";"";"";"KUNUNU_ORSOFT GmbH.csv_18.03.2020.html"
"PcVisit Software AG";"09.04.2020";"Jahresabschluss";"01.01.2018";"31.12.2018";"Â 1. Mitarbeiter";"";"";"";"";"KUNUNU_pcvisit Software AG.csv_09.04.2020.html"
"pit-cup GmbH";"16.12.2019";"Jahresabschluss";"01.01.2018";"31.12.2018";"Die Gesellschaft hatte im laufenden GeschÃ¤ftsjahr durchschnittlich 75 Arbeitnehmer beschÃ¤ftigt.";"";"";"";"";"KUNUNU_pit-cup GmbH.csv_16.12.2019.html"
"pit-cup GmbH";"16.12.2019";"Jahresabschluss";"01.01.2018";"31.12.2018";"Die Gesellschaft hatte im laufenden GeschÃ¤ftsjahr durchschnittlich 75 Arbeitnehmer beschÃ¤ftigt.";"";"";"";"";"KUNUNU_pitcup GmbH.csv_16.12.2019.html"
"planet 33 AG telecommunications internet security";"07.10.2019";"Jahresabschluss";"01.01.2018";"31.12.2018";"";"";"";"";"";"KUNUNU_planet 33 AG.csv_07.10.2019.html"
"planet 33 AG telecommunications internet security";"26.07.2018";"Jahresabschluss";"01.01.2017";"31.12.2017";"";"";"";"";"";"KUNUNU_planet 33 AG.csv_26.07.2018.html"
"planet 33 AG telecommunications internet security";"27.08.2019";"Jahresabschluss";"01.01.2018";"31.12.2018";"";"";"";"";"";"KUNUNU_planet 33 AG.csv_27.08.2019.html"
"ProLead UG (haftungsbeschrÃ¤nkt)";"15.01.2020";"Jahresabschluss";"01.01.2018";"31.12.2018";"";"";"";"";"";"KUNUNU_ProLead UG haftungsbeschränkt.csv_15.01.2020.html"
"PSI Metals GmbH";"04.10.2019";"Jahresabschluss";"01.01.2018";"31.12.2018";"Der Besitzstand zum 31. Dezember 2006 der Mitarbeiter wurde als Festbetrag eingefroren. Dieses Einfrieren hat zur Folge, dass die erworbenen Anwartschaften auf Altersrente weder durch zukÃ¼nftige Dienstzeiten noch durch zukÃ¼nftige Gehaltssteigerungen Ã¼ber das zum 31. Dezember 2006 erreichte Niveau hinaus ansteigen. Als Ausgleich fÃ¼r den Wegfall wurden Vereinbarungen getroffen, bestimmte BetrÃ¤ge entweder in eine rÃ¼ckgedeckte UnterstÃ¼tzungskasse einzuzahlen, oder den Arbeitnehmern wird eine ErhÃ¶hung der Brutto-BarbezÃ¼ge gewÃ¤hrt.";"";"";"";"";"KUNUNU_PSI Metals GmbH.csv_04.10.2019.html"
"PSI Metals Non Ferrous GmbH";"14.01.2020";"Jahresabschluss";"01.01.2018";"31.12.2018";"3. Anzahl der Mitarbeiter (Jahresdurchschnitt, ermittelt anhand von KÃ¶pfen)";"";"";"";"";"KUNUNU_PSI Metals GmbH.csv_14.01.2020.html"
"quadcore GmbH";"09.01.2020";"Jahresabschluss";"01.01.2018";"31.12.2018";"1. Anzahl der Mitarbeiter";"";"";"";"<table border=""0"" cellpadding=""2"" cellspacing=""0"" class=""std_table"" width=""900"">
<col width=""40%""/>
<col width=""20%""/>
<col width=""20%""/>
<col width=""20%""/>
<tbody>
<tr>
<td style=""text-align:right;"">
</td>
<td style=""text-align:right;"">
</td>
<td style=""text-align:right;"">
<p class=""tbl_p_f"">   Stand 31.12.2018 </p>
<p class=""tbl_p_l"">   â‚¬ </p>
</td>
<td style=""text-align:right;"">
<p class=""tbl_p_f"">   Restlaufzeit bis 1 Jahr </p>
<p class=""tbl_p_l"">   â‚¬ </p>
</td>
</tr>
<tr bgcolor=""#f0f0f0"">
<td style=""text-align:right;"">
<p class=""tbl_p_fl"">   1. </p>
</td>
<td style=""text-align:right;"">
<p class=""tbl_p_fl"">   Verbindlichkeiten aus Lieferungen und   Leistungen </p>
</td>
<td style=""text-align:right;"">
<p class=""tbl_p_fl"">   15.207,90 </p>
</td>
<td style=""text-align:right;"">
<p class=""tbl_p_fl"">   15.207,90 </p>
</td>
</tr>
<tr>
<td style=""text-align:right;"">
<p class=""tbl_p_fl"">   2. </p>
</td>
<td style=""text-align:right;"">
<p class=""tbl_p_f"">   sonstige Verbindlichkeiten </p>
<p>   -         davon aus Steuern </p>
<p class=""tbl_p_l"">   -         davon im Rahmen   der sozialen Sicherheit </p>
</td>
<td style=""text-align:right;"">
<p class=""tbl_p_f"">   17.667,23 </p>
<p>   15.078,94 </p>
<p class=""tbl_p_l"">   1.654,96 </p>
</td>
<td style=""text-align:right;"">
<p class=""tbl_p_f"">   17.667,23 </p>
<p>   15.078,94 </p>
<p class=""tbl_p_l"">   1.654,96 </p>
</td>
</tr>
</tbody>
</table>";"KUNUNU_quadcore GmbH.csv_09.01.2020.html"
"RA Consulting GmbH";"06.09.2019";"Jahresabschluss";"01.01.2018";"31.12.2018";"Das Unternehmen beschÃ¤ftigte im GeschÃ¤ftsjahr 2018 durchschnittlich 57 Arbeitnehmer (davon 13 TeilzeitbeschÃ¤ftigte und Aushilfen).";"";"";"";"";"KUNUNU_RA Consulting.csv_06.09.2019.html"
"HaeRa Marketing und Consulting UG (haftungsbeschrÃ¤nkt)";"08.02.2019";"Jahresabschluss";"01.01.2017";"31.12.2017";"Die durchschnittliche Zahl der wÃ¤hrend des GeschÃ¤ftsjahres im Unternehmen beschÃ¤ftigten Arbeitnehmer betrug 2,0";"";"";"";"";"KUNUNU_RA Consulting.csv_08.02.2019.html"
"RA Consulting GmbH";"15.08.2018";"Jahresabschluss";"01.01.2017";"31.12.2017";"Das Unternehmen beschÃ¤ftigte im GeschÃ¤ftsjahr 2017 durchschnittlich 52 Arbeitnehmer ( davon 11 TeilzeitbeschÃ¤ftigte und Aushilfen).";"";"";"";"";"KUNUNU_RA Consulting.csv_15.08.2018.html"
"HaeRa Marketing und Consulting GmbH (vormals: HaeRa Marketing und Consulting UG (haftungsbeschrÃ¤nkt))";"20.03.2020";"Jahresabschluss";"01.01.2018";"31.12.2018";"Die durchschnittliche Zahl der wÃ¤hrend des GeschÃ¤ftsjahres im Unternehmen beschÃ¤ftigten Arbeitnehmer betrug 2,0";"";"";"";"";"KUNUNU_RA Consulting.csv_20.03.2020.html"
"InRaCon Rating and Consulting GmbH i.L.";"20.12.2018";"Jahresabschluss";"01.01.2017";"31.12.2017";"";"";"";"";"";"KUNUNU_RA Consulting.csv_20.12.2018.html"
"redlogix Software & System Engineering GmbH";"18.02.2019";"Jahresabschluss";"01.01.2018";"31.12.2018";"Die Gesellschaft beschÃ¤ftigte im GeschÃ¤ftsjahr 2018 durchschnittlich 20 Arbeitnehmer.";"";"";"";"";"KUNUNU_redlogix Software  System Engineering GmbH.csv_18.02.2019.html"
"REDNET AG";"12.03.2020";"Jahresabschluss";"01.01.2018";"31.12.2018";"Mitarbeiter";"";"";"";"";"KUNUNU_REDNET AG.csv_12.03.2020.html"
"RFID Konsortium GmbH";"10.12.2019";"Jahresabschluss";"01.01.2018";"31.12.2018";"Die durchschnittliche Zahl der wÃ¤hrend des GeschÃ¤ftsjahres im Unternehmen beschÃ¤ftigten Arbeitnehmer betrug 13.";"";"";"";"";"KUNUNU_RFID Konsortium GmbH.csv_10.12.2019.html"
"RIWA GmbH Gesellschaft fÃ¼r Geoinformationen";"09.12.2019";"Jahresabschluss";"01.01.2018";"31.12.2018";"Durchschnittliche Zahl der wÃ¤hrend des GeschÃ¤ftsjahres beschÃ¤ftigten Mitarbeiter:";"";"";"";"";"KUNUNU_RIWA GmbH Gesellschaft für Geoinformationen.csv_09.12.2019.html"
"Rocket Software Deutschland GmbH";"12.12.2019";"Jahresabschluss";"01.01.2018";"31.12.2018";"Im GeschÃ¤ftsjahr wurden durchschnittlich 43 (i. Vj. 43) Arbeitnehmer beschÃ¤ftigt.";"";"";"";"";"KUNUNU_Rocket Software.csv_12.12.2019.html"
"sevDesk GmbH (vormals: SEVENIT GmbH)";"03.04.2020";"Jahresabschluss";"01.01.2018";"31.12.2018";"4.2. Mitarbeiter";"";"";"";"";"KUNUNU_sevDesk GmbH.csv_03.04.2020.html"
"SHZ Softwarehaus Zuleger GmbH";"22.01.2020";"Jahresabschluss";"01.01.2018";"31.12.2018";"WÃ¤hrend des GeschÃ¤ftsjahres wurden im Durchschnitt 40 Arbeitnehmer im Unternehmen beschÃ¤ftigt.";"";"";"";"";"KUNUNU_SHZ Softwarehaus Zuleger GmbH.csv_22.01.2020.html"
"Siteimprove GmbH";"21.01.2020";"Jahresabschluss";"01.01.2018";"31.12.2018";"Im GeschÃ¤ftsjahr 2018 waren durchschnittlich X (Vorjahr 11) Arbeitnehmer in der Gesellschaft beschÃ¤ftigt.";"";"";"";"";"KUNUNU_Siteimprove GmbH.csv_21.01.2020.html"
"S&K Anlagentechnik GmbH";"17.06.2019";"Jahresabschluss";"01.01.2018";"31.12.2018";"Die durchschnittliche Zahl der wÃ¤hrend des GeschÃ¤ftsjahres im Unternehmen beschÃ¤ftigten Arbeitnehmer betrug 33.";"";"";"";"";"KUNUNU_SK Anlagentechnik GmbH.csv_17.06.2019.html"
"GdSK Gesellschaft der Schnellkuriere GmbH & Co. KG";"01.04.2020";"Jahresabschluss";"01.01.2018";"31.12.2018";"1. Anzahl der Arbeitnehmer";"";"";"";"";"KUNUNU_SK GmbH  Co. KG.csv_01.04.2020.html"
"SK Immobilien GmbH & Co KG";"02.12.2019";"Jahresabschluss";"01.01.2018";"31.12.2018";"";"";"";"";"";"KUNUNU_SK GmbH  Co. KG.csv_02.12.2019.html"
"SK Solarkraftwerk Klausheide GmbH & Co. KG";"03.01.2020";"Jahresabschluss";"01.01.2018";"31.12.2018";"";"";"";"";"";"KUNUNU_SK GmbH  Co. KG.csv_03.01.2020.html"
"SK Gaming GmbH & Co. KG";"04.11.2019";"Jahresabschluss";"01.01.2018";"31.12.2018";"In der Gesellschaft waren im GeschÃ¤ftsjahr 2018 durchschnittlich 14 Mitarbeiter beschÃ¤ftigt.";"";"";"";"";"KUNUNU_SK GmbH  Co. KG.csv_04.11.2019.html"
"SK Besitz GmbH & Co. KG";"09.10.2019";"Jahresabschluss";"01.01.2018";"31.12.2018";"Die durchschnittliche Zahl der wÃ¤hrend des GeschÃ¤ftsjahres im Unternehmen beschÃ¤ftigten Arbeitnehmer betrug 1,0.";"";"";"";"";"KUNUNU_SK GmbH  Co. KG.csv_09.10.2019.html"
"SK-Energy GmbH & Co. KG";"10.02.2020";"Jahresabschluss";"01.01.2018";"31.12.2018";"";"";"";"";"";"KUNUNU_SK GmbH  Co. KG.csv_10.02.2020.html"
"SK Schwaben-Kunststoff- Chemietank- und Apparatebau GmbH & Co. Kommanditgesellschaft";"12.12.2019";"Jahresabschluss";"01.01.2018";"31.12.2018";"Die durchschnittliche Zahl der wÃ¤hrend des GeschÃ¤ftsjahres im Unternehmen beschÃ¤ftigten Arbeitnehmer betrug 34.";"";"";"";"";"KUNUNU_SK GmbH  Co. KG.csv_12.12.2019.html"
"GdSK Gesellschaft der Schnellkuriere GmbH & Co. KG";"14.05.2020";"Jahresabschluss";"01.01.2019";"31.12.2019";"Im Jahresdurchschnitt wurden 52 (Vorjahr: 57) Arbeitnehmer beschÃ¤ftigt .";"";"";"";"";"KUNUNU_SK GmbH  Co. KG.csv_14.05.2020.html"
"SK Biogas Produktionsgesellschaft mbH & Co. KG.";"15.10.2019";"Jahresabschluss";"01.01.2018";"31.12.2018";"Die durchschnittliche Zahl der wÃ¤hrend des GeschÃ¤ftsjahres im Unternehmen beschÃ¤ftigten Arbeitnehmer betrug 0.";"";"";"";"";"KUNUNU_SK GmbH  Co. KG.csv_15.10.2019.html"
"SK GrundstÃ¼cksverwaltung GmbH & Co.KG";"16.01.2020";"Jahresabschluss";"01.01.2018";"31.12.2018";"";"";"";"";"";"KUNUNU_SK GmbH  Co. KG.csv_16.01.2020.html"
"SK Holding 4 GmbH & Co. KG";"22.04.2020";"Jahresabschluss";"02.08.2018";"31.12.2018";"Durchschnittliche Zahl der wÃ¤hrend des GeschÃ¤ftsjahrs beschÃ¤ftigten Arbeitnehmer";"";"";"";"";"KUNUNU_SK GmbH  Co. KG.csv_22.04.2020.html"
"SK Malereibetrieb Schneider GmbH & CO KG";"27.04.2020";"Jahresabschluss";"01.01.2018";"31.12.2018";"";"";"";"";"";"KUNUNU_SK GmbH  Co. KG.csv_27.04.2020.html"
"SK Service GmbH & Co. KG";"28.05.2020";"Jahresabschluss";"01.01.2018";"31.12.2018";"";"";"";"";"";"KUNUNU_SK GmbH  Co. KG.csv_28.05.2020.html"
"SK Schneider GmbH & Co. Bau- und Beteiligungs-KG";"29.01.2020";"Jahresabschluss";"01.01.2018";"31.12.2018";"";"";"";"";"";"KUNUNU_SK GmbH  Co. KG.csv_29.01.2020.html"
"SK-KÃ¤lte & Klima GmbH & Co. KG";"30.08.2019";"Jahresabschluss";"01.01.2018";"31.12.2018";"Die durchschnittliche Zahl der wÃ¤hrend des GeschÃ¤ftsjahres im Unternehmen beschÃ¤ftigten Arbeitnehmer betrug 7.";"";"";"";"";"KUNUNU_SK GmbH  Co. KG.csv_30.08.2019.html"
"SMART testsolutions GmbH";"17.06.2019";"Jahresabschluss";"01.01.2018";"31.12.2018";"Die durchschnittliche Zahl der wÃ¤hrend des GeschÃ¤ftsjahres im Unternehmen beschÃ¤ftigten Arbeitnehmer betrug 35.";"";"";"";"";"KUNUNU_SMART testsolutions GmbH.csv_17.06.2019.html"
"Software Partner Datenmedien-Service und -vertriebs GmbH";"03.03.2020";"Jahresabschluss";"01.01.2018";"31.12.2018";"Der Personalstamm wurde auf konstantem Niveau gehalten (63 Mitarbeiter ohne Aushilfen Ende 2017 und 65 Mitarbeiter ohne Aushilfen Ende 2018).";"";"";"";"";"KUNUNU_Software Partner Datenmedien-Service und -vertriebs GmbH.csv_03.03.2020.html"
"Spryker Systems GmbH";"19.02.2020";"Jahresabschluss";"01.01.2018";"31.12.2018";"Im GeschÃ¤ftsjahr wurden durchschnittlich 77 Arbeitnehmer beschÃ¤ftigt.";"";"";"";"";"KUNUNU_Spryker Systems GmbH.csv_19.02.2020.html"
"SUSI & James GmbH";"29.01.2020";"Jahresabschluss";"01.01.2018";"31.12.2018";"";"";"";"";"";"KUNUNU_SUSIJames GmbH.csv_29.01.2020.html"
"Symeda GmbH";"27.01.2020";"Jahresabschluss";"01.01.2018";"31.12.2018";"Im GeschÃ¤ftsjahr wurden durchschnittlich 14 Arbeitnehmer beschÃ¤ftigt.";"";"";"";"";"KUNUNU_Symeda GmbH.csv_27.01.2020.html"
"Teamware GmbH";"28.02.2020";"Jahresabschluss";"01.01.2018";"31.12.2018";"";"";"";"";"";"KUNUNU_Teamware GmbH.csv_28.02.2020.html"
"Textor & Nohl IT GmbH";"09.01.2020";"Jahresabschluss";"01.01.2018";"31.12.2018";"";"";"";"";"<table cellpadding=""0mm"" class=""list_table_ul"">
<tr>
<td class=""list_ident"">â€¢</td>
<td class=""list_content"">
<p class=""list_p_fl"">Rainer Textor, IT-Consultant, Ebsdorfergrund<br/></p>
</td>
</tr>
<tr>
<td class=""list_ident"">â€¢</td>
<td class=""list_content"">
<p class=""list_p_fl"">Steffen Nohl, IT-Consultant, Reichelsheim<br/></p>
</td>
</tr>
</table>";"KUNUNU_textor IT.csv_09.01.2020.html"
"The Quality Group it vision GmbH";"03.01.2020";"Jahresabschluss";"01.01.2018";"31.12.2018";"";"";"";"";"";"KUNUNU_The Quality Group GmbH.csv_03.01.2020.html"
"The Quality Group GmbH";"03.07.2019";"Jahresabschluss";"01.01.2018";"31.12.2018";"";"";"";"";"";"KUNUNU_The Quality Group GmbH.csv_03.07.2019.html"
"The Quality Group Systemberatung GmbH";"08.07.2019";"Jahresabschluss";"01.01.2018";"31.12.2018";"";"";"";"";"";"KUNUNU_The Quality Group GmbH.csv_08.07.2019.html"
"The Quality Group Holding GmbH";"20.03.2020";"Jahresabschluss";"01.01.2018";"31.12.2018";"";"";"";"";"";"KUNUNU_The Quality Group GmbH.csv_20.03.2020.html"
"tradefinity GmbH";"25.03.2020";"Jahresabschluss";"01.01.2018";"31.12.2018";"Der Personalaufwand fÃ¼r die in Ellerbek und in Riedstadt beschÃ¤ftigten Mitarbeiter betrÃ¤gt â‚¬ 1.625.822,75 (Vorjahr: â‚¬ 1.556.841,69), davon â‚¬ 1.377.952,14 (Vorjahr: â‚¬ 1.315.042,89) fÃ¼r LÃ¶hne und GehÃ¤lter sowie â‚¬ 247.870,61 (Vorjahr: â‚¬ 241.798,80) fÃ¼r soziale Abgaben.";"";"";"";"";"KUNUNU_tradefinity GmbH.csv_25.03.2020.html"
"transprotec GmbH";"17.06.2019";"Jahresabschluss";"01.01.2018";"31.12.2018";"";"";"";"";"";"KUNUNU_transprotec GmbH.csv_17.06.2019.html"
"trinckle 3D GmbH";"30.12.2019";"Jahresabschluss";"01.01.2018";"31.12.2018";"Die durchschnittliche Zahl der wÃ¤hrend des GeschÃ¤ftsjahres im Unternehmen beschÃ¤ftigten Arbeitnehmer betrug 13.";"";"";"";"";"KUNUNU_trinckle 3D GmbH.csv_30.12.2019.html"
"TWINSEC GmbH";"12.11.2019";"Jahresabschluss";"01.11.2018";"31.12.2018";"9. Die sonstigen RÃ¼ckstellungen entfallen im Wesentlichen auf Mitarbeiter-Boni, Resturlaub und ausstehende Rechnungen.";"";"";"";"";"KUNUNU_TWINSEC GmbH.csv_12.11.2019.html"
"TWINSEC GmbH";"21.11.2019";"Jahresabschluss";"01.11.2017";"31.10.2018";"9. Die sonstigen RÃ¼ckstellungen entfallen im Wesentlichen auf Mitarbeiter-Boni, Resturlaub und ausstehende Rechnungen.";"";"";"";"";"KUNUNU_TWINSEC GmbH.csv_21.11.2019.html"
"UFIT AG";"11.12.2019";"Jahresabschluss";"01.01.2018";"31.12.2018";"";"";"";"";"";"KUNUNU_UFIT AG.csv_11.12.2019.html"
"Unisys Technical Services GmbH";"03.04.2020";"Jahresabschluss";"01.01.2018";"31.12.2018";"Mitarbeiter";"";"";"";"";"KUNUNU_Unisys Technical Services.csv_03.04.2020.html"
"velia.net Internetdienste GmbH";"19.03.2020";"Jahresabschluss";"01.01.2018";"31.12.2018";"";"";"";"";"";"KUNUNU_velia.net Internetdienste GmbH.csv_19.03.2020.html"
"VeterinÃ¤rmedizinisches Dienstleistungszentrum (VetZ) GmbH Online-Dienstleistungen fÃ¼r TierÃ¤rzte";"29.01.2020";"Jahresabschluss";"01.01.2018";"31.12.2018";"3.1 Anzahl der Arbeitnehmer";"";"";"";"";"KUNUNU_VetZ GmbH Veterinärmedizinisches Dienstleistungszentrum.csv_29.01.2020.html"
"vireq software solutions GmbH & Co. KG";"12.05.2020";"Jahresabschluss";"01.01.2018";"31.12.2018";"";"";"";"";"";"KUNUNU_vireq software solutions gmbh  co. kg.csv_12.05.2020.html"
"virtual7 GmbH";"31.01.2020";"Jahresabschluss";"01.01.2018";"31.12.2018";"Die durchschnittliche Zahl der wÃ¤hrend des GeschÃ¤ftsjahres im Unternehmen beschÃ¤ftigten Arbeitnehmer betrug 67,8.";"";"";"";"";"KUNUNU_virtual7 GmbH.csv_31.01.2020.html"
"WACOM Europe GmbH";"14.01.2020";"Jahresabschluss";"01.04.2018";"31.03.2019";"In der Wacom Europe GmbH sind die GeschÃ¤ftsbereiche â€žCreativeâ€œ fÃ¼r professionelle Anwender, â€žConsumerâ€œ fÃ¼r Gelegenheitsnutzer und â€žBusiness Solutionsâ€œ fÃ¼r digitale SignaturlÃ¶sungen vertreten. AuÃŸerdem arbeiten hier Mitarbeiter in UnterstÃ¼tzungsfunktionen wie Softwareentwicklung, Logistik, IT, Finanzen, Personal u.a.";"";"";"";"";"KUNUNU_WACOM Europe GmbH.csv_14.01.2020.html"
"WACOM Europe GmbH";"22.10.2019";"Jahresabschluss";"01.04.2017";"31.03.2018";"In der Wacom Europe GmbH sind die GeschÃ¤ftsbereiche â€žCreativeâ€œ fÃ¼r professionelle Anwender, â€žConsumerâ€œ fÃ¼r Gelegenheitsnutzer und â€žBusiness Solutionsâ€œ fÃ¼r digitale SignaturlÃ¶sungen vertreten. AuÃŸerdem arbeiten hier Mitarbeiter in UnterstÃ¼tzungsfunktionen wie Softwareentwicklung, Logistik, IT, Finanzen, Personal u.a.";"";"";"";"";"KUNUNU_WACOM Europe GmbH.csv_22.10.2019.html"
"webgo GmbH";"02.08.2019";"Jahresabschluss";"01.01.2018";"31.12.2018";"Die durchschnittliche Zahl der wÃ¤hrend des GeschÃ¤ftsjahrs beschÃ¤ftigten Arbeitnehmer betrÃ¤gt: 31";"";"";"";"";"KUNUNU_webgo GmbH.csv_02.08.2019.html"
"xdi360 GmbH";"10.01.2020";"Jahresabschluss";"01.01.2018";"31.12.2018";"fÃ¼r das GeschÃ¤ftsjahr vom 1. Januar bis zum 31. Dezember 2018 Â Â Die xdi360 GmbH hat ihren Sitz in Oberhaching und ist eingetragen in das Handelsregister beim Amtsgericht MÃ¼nchen (Reg.-Nr. HRB 197666). Â Â A. ALLGEMEINE ANGABEN ZUM JAHRESABSCHLUSS Â GrundsÃ¤tzliche Angaben Â Der Jahresabschluss zum 31. Dezember 2018 wurde nach den Vorschriften des Handelsgesetzbuchs Ã¼ber die Rechnungslegung von Kapitalgesellschaften, den ergÃ¤nzenden Vorschriften des Gesetzes betreffend die Gesellschaften mit beschrÃ¤nkter Haftung sowie den Regelungen des Gesellschaftsvertrags aufgestellt. Â Auf die Rechnungslegung der Gesellschaft finden die Vorschriften fÃ¼r kleine Kapitalgesellschaften im Sinne des Â§ 267 Abs. 1 HGB Anwendung. Â Die Gesellschaft nimmt die grÃ¶ÃŸenabhÃ¤ngigen Erleichterungen der Â§Â§ 274a und 288 Abs. 1 HGB teilweise in Anspruch. Â Der Jahresabschluss wurde unter Beachtung der generellen Ansatz- und Bewertungsvorschriften der Â§Â§ 246â€“256a HGB sowie unter BerÃ¼cksichtigung der ergÃ¤nzenden Vorschriften fÃ¼r Kapitalgesellschaften der Â§Â§ 264 ff. aufgestellt. Â FÃ¼r die Bilanz wurde das Gliederungsschema des Â§ 266 Abs. 2 und Abs. 3 HGB verwendet. Die Gewinn- und Verlustrechnung ist nach dem Gesamtkostenverfahren gemÃ¤ÃŸ Â§ 275 Abs. 2 HGB aufgestellt.B. ANGABEN ZU BILANZIERUNGS- UND BEWERTUNGSGRUNDSÃ„TZEN Â 1. Bilanzierungsmethoden Â Â Die Ansatzwahlrechte wurden gegenÃ¼ber dem Vorjahr unverÃ¤ndert ausgeÃ¼bt. Â 2. BewertungsmethodenÂ Die Bewertungsmethoden wurden gegenÃ¼ber dem Vorjahr unverÃ¤ndert ausgeÃ¼bt. Im Einzelnen erfolgte die Bewertung wie folgt: Â ANLAGEVERMÃ–GEN Â Â Sachanlagen Â Andere Anlagen, Betriebs- und GeschÃ¤ftsausstattung Â sind mit den Anschaffungskosten zuzÃ¼glich Anschaffungsnebenkosten abzÃ¼glich Anschaffungspreisminderungen bewertet.Â Â Die planmÃ¤ÃŸigen Abschreibungen erfolgen grundsÃ¤tzlich unter Zugrundelegung der betriebsgewÃ¶hnlichen Nutzungsdauer. Die VermÃ¶gensgegenstÃ¤nde werden linear abgeschrieben.Â Â In Bezug auf die Bilanzierung geringwertiger WirtschaftsgÃ¼ter wird handelsrechtlich die steuerliche Regelung des Â§ 6 Abs. 2 EStG angewendet. Anschaffungs- oder Herstellungskosten von abnutzbaren beweglichen WirtschaftsgÃ¼tern des AnlagevermÃ¶gens, die einer selbstÃ¤ndigen Nutzung fÃ¤hig sind, werden im GeschÃ¤ftsjahr der Anschaffung, Herstellung oder Einlage in voller HÃ¶he als Aufwand erfasst, wenn die Anschaffungs- oder Herstellungskosten, vermindert um einen darin enthaltenen Vorsteuerbetrag, fÃ¼r das einzelne Wirtschaftsgut EUR 800,00 (Vorjahre: EUR 410,00) nicht Ã¼bersteigen.UMLAUFVERMÃ–GEN Â Â Forderungen und sonstige VermÃ¶gensgegenstÃ¤nde Â sind mit dem Nennwert bzw. mit dem am Bilanzstichtag niedrigeren beizulegenden Wert angesetzt. Â Guthaben bei Kreditinstituten Â sind zum Nennwert bewertet. Â AKTIVE RECHNUNGSABGRENZUNGSPOSTEN Â sind als Ausgaben vor dem Abschlussstichtag angesetzt, soweit sie Aufwand fÃ¼r einen bestimmten Zeitraum nach diesem Zeitpunkt darstellen. Â EIGENKAPITAL Â Das gezeichnete Kapital wird zum Nennwert bilanziert.Â Â RÃœCKSTELLUNGEN Â wurden in HÃ¶he des nach vernÃ¼nftiger kaufmÃ¤nnischer Beurteilung notwendigen ErfÃ¼llungsbetrages angesetzt. Â Â SteuerrÃ¼ckstellungen Â berÃ¼cksichtigen alle erkennbaren Risiken und ungewissen Verbindlichkeiten und sind in HÃ¶he des voraussichtlichen ErfÃ¼llungsbetrages aufgrund des steuerlichen Gewinns â€“ unter BerÃ¼cksichtigung des bestehenden GewinnabfÃ¼hrungsvertrages seit dem 16.03.2017 â€“ dotiert. Â Sonstige RÃ¼ckstellungen Â wurden in HÃ¶he der voraussichtlichen ErfÃ¼llungsbetrÃ¤ge nach vernÃ¼nftiger kaufmÃ¤nnischer Beurteilung dotiert und berÃ¼cksichtigen alle erkennbaren Risiken und ungewissen Verpflichtungen. Â Â VERBINDLICHKEITEN Â Verbindlichkeiten aus Lieferungen und Leistungen, Verbindlichkeiten gegenÃ¼ber verbundenen Unternehmen und sonstige Verbindlichkeiten Â sind zu ErfÃ¼llungsbetrÃ¤gen angesetzt.PASSIVE RECHNUNGSABGRENZUNGSPOSTEN Â sind als Einzahlungen vor dem Abschlussstichtag angesetzt, soweit sie Ertrag fÃ¼r einen bestimmten Zeitraum nach diesem Zeitpunkt darstellen.Â Â Â C. ERLÃ„UTERUNGEN ZUR BILANZ Â 1. Forderungen und sonstige VermÃ¶gensgegenstÃ¤nde Â Die Forderungen gegen verbundene Unternehmen von insgesamt EUR 952.359,48 (Vj.: EUR 439.572,09) beinhalten im Wesentlichen Forderungen gegen Gesellschafter in HÃ¶he von EUR 913.718,15 (Vj.: EUR 400.000,00). Â In den Forderungen gegen verbundene Unternehmen sind auÃŸerdem Forderungen aus Lieferungen und Leistungen in HÃ¶he von EUR 44.641,22 (Vj.: EUR 39.572,09) enthalten. Â Der Betrag der Forderungen mit einer Restlaufzeit grÃ¶ÃŸer einem Jahr betrÃ¤gt EUR 500.000,00 (Vj.: EUR 0,00). Diese Forderungen werden im Posten Forderungen gegen verbundene Unternehmen ausgewiesen. Â 2. Eigenkapital Â Das im Handelsregister eingetragene und voll eingezahlte gezeichnete Kapital betrÃ¤gt EUR 50.000,00. Â 3. Verbindlichkeiten Â Die Verbindlichkeiten gegenÃ¼ber verbundenen Unternehmen von insgesamt EUR 815.637,88 (Vj.: EUR 739.079,27) beinhalten im Wesentlichen Verbindlichkeiten gegenÃ¼ber Gesellschafter in HÃ¶he von EUR 810.554,91 (Vj.: EUR 41.865,74). In den Verbindlichkeiten gegenÃ¼ber verbundenen Unternehmen sind auÃŸerdem Verbindlichkeiten aus Lieferungen und Leistungen in HÃ¶he von EUR 43.037,91 (Vj.: EUR 55.121,51) enthalten. Â Die Verbindlichkeiten haben im GeschÃ¤fts- sowie im Vorjahr insgesamt eine Restlaufzeit von weniger als einem Jahr.D. SONSTIGE ANGABEN Â 1. Beherrschungs- und GewinnabfÃ¼hrungsvertrag Â Die Gesellschaft hat am 29.03.2017 mit der iC Consult Group GmbH mit dem Sitz in Oberhaching (Amtsgericht MÃ¼nchen HRB 229494) als herrschender Gesellschaft einen Beherrschungs- und GewinnabfÃ¼hrungsvertrag geschlossen. Die Gesellschafterversammlung hat mit Beschluss vom 16.03.2017 zugestimmt. Die Eintragung im Handelsregister erfolgte am 03.04.2017. Â 2. Durchschnittliche Zahl der wÃ¤hrend des GeschÃ¤ftsjahres beschÃ¤ftigten ArbeitnehmerÂ Angestellte (ohne GeschÃ¤ftsfÃ¼hrung)Â 18 Â Â 3. Gesellschaftsorgane Â GeschÃ¤ftsfÃ¼hrung Â GeschÃ¤ftsfÃ¼hrer der Gesellschaft war im Berichtsjahr: Â Herr Dr. Heiko Klarl (bis 27.03.2019) Â Herr Dr. Andreas Neumann (seit 27.03.2019)";"";"";"";"";"KUNUNU_xdi360 GmbH.csv_10.01.2020.html"
"xima media GmbH";"23.12.2019";"Jahresabschluss";"01.01.2018";"31.12.2018";"Die durchschnittliche Zahl der wÃ¤hrend des GeschÃ¤ftsjahres im Unternehmen beschÃ¤ftigten Arbeitnehmer betrug 46.";"";"";"";"";"KUNUNU_XIMA MEDIA GmbH.csv_23.12.2019.html"
